fritter,F.R.IH1.T.ER0
ferret,F.EH1.R.AH0.T
squat,S.K.W.AA1.T
celery,S.EH1.L.ER0.IY0
accord,AH0.K.AO1.R.D
action,AE1.K.SH.AH0.N
advocate,AE1.D.V.AH0.K.EY2.T
kale,K.EY1.L
bouncing,B.AW1.N.S.IH0.NG
rhinoceros,R.AY2.N.AA1.S.ER0.AH0.S
fight,F.AY1.T
astronaut,AE1.S.T.R.AH0.N.AA2.T
toothbrush,T.UW1.TH.B.R.AH0.SH
regular,R.EH1.G.Y.AH0.L.ER0
artisan,AA1.R.T.AH0.Z.AH0.N
orangutan,AO2.R.AE1.NG.AH0.T.AE2.N
raise,R.EY1.Z
step,S.T.EH1.P
helping,HH.EH1.L.P.IH0.NG
manufacture,M.AE2.N.Y.AH0.F.AE1.K.CH.ER0
attack,AH0.T.AE1.K
favor,F.EY1.V.ER0
lean,L.IY1.N
sometimes,S.AH1.M.T.AY2.M.Z
walk,W.AO1.K
syrup,S.IH1.R.AH0.P
scene,S.IY1.N
star,S.T.AA1.R
steward,S.T.UW1.ER0.D
furry,F.ER1.IY0
subway,S.AH1.B.W.EY2
feel,F.IY1.L
giving,G.IH1.V.IH0.NG
plain,P.L.EY1.N
cuss,K.AH1.S
plan,P.L.AE1.N
figure,F.IH1.G.Y.ER0
monkey,M.AH1.NG.K.IY0
hunt,HH.AH1.N.T
hammers,HH.AE1.M.ER0.Z
stank,S.T.AE1.NG.K
ginger,JH.IH1.N.JH.ER0
simper,S.IH1.M.P.ER0
slop,S.L.AA1.P
torch,T.AO1.R.CH
carpenter's,K.AA1.R.P.AH0.N.T.ER0.Z
carriers,K.AE1.R.IY0.ER0.Z
sugar,SH.UH1.G.ER0
abacus,AE1.B.AH0.K.AH0.S
atomic,AH0.T.AA1.M.IH0.K
foolish,F.UW1.L.IH0.SH
support,S.AH0.P.AO1.R.T
earthmover,ER1.TH.M.UW2.V.ER3
pumpkin,P.AH1.M.P.K.IH0.N
anguish,AE1.NG.G.W.IH0.SH
astronomy,AH0.S.T.R.AA1.N.AH0.M.IY0
paddleboat,P.AE1.D.L.B.OW2.T
reciprocating,R.IH0.S.IH1.P.R.AH0.K.EY2.T.IH0.NG
and,AE1.N.D
ironing,AY1.ER0.N.IH0.NG
aspect,AE1.S.P.EH2.K.T
soap,S.OW1.P
carp,K.AA1.R.P
announcement,AH0.N.AW1.N.S.M.EH2.N.T
stress,S.T.R.EH1.S
sunfish,S.AH1.N.F.IH2.SH
forgiveness,F.ER0.G.IH1.V.N.AH0.S
sooner,S.UW1.N.ER0
dinosaur,D.AY1.N.AH0.S.AO2.R
self,S.EH1.L.F
bicycles,B.AY1.S.IH0.K.AH0.L.Z
tortoise,T.AO1.R.T.AH0.S
swing,S.W.IH1.NG
whisk,W.IH1.S.K
fun,F.AH1.N
gorilla,G.ER0.IH1.L.AH0
sneeze,S.N.IY1.Z
leveler,L.EH1.V..UH3.L.ER2
scratch,S.K.R.AE1.CH
fugitive,F.Y.UW1.JH.IH0.T.IH0.V
snippers,S.N.IH1.P.ER2.S
kick,K.IH1.K
tin,T.IH1.N
argon,AA1.R.G.AA2.N
napkin,N.AE1.P.K.IH0.N
frozen,F.R.OW1.Z.AH0.N
cellphone,S.EH1.L.F.OW0.N
fountain,F.AW1.N.T.AH0.N
fertile,F.ER0.T.AY1.L
mixer,M.IH1.K.S.ER0
above,AH0.B.AH1.V
solemn,S.AA1.L.AH0.M
shotgun,SH.AA1.T.G.AH2.N
eighteen,EY0.T.IY1.N
boat,B.OW1.T
studio,S.T.UW1.D.IY0.OW0
financier,F.AY2.N.AE0.N.S.IH1.R
scare,S.K.EH1.R
programming,P.R.OW1.G.R.AE2.M.IH0.NG
shad,SH.AE1.D
dingy,D.IH1.N.JH.IY0
storage,S.T.AO1.R.IH0.JH
abate,AH0.B.EY1.T
wake,W.EY1.K
artichokes,AA1.R.T.IH0.CH.OW2.K.S
picking,P.IH1.K.IH0.NG
sir,S.ER1
ascending,AH0.S.EH1.N.D.IH0.NG
single,S.IH1.NG.G.AH0.L
frogs,F.R.AA1.G.Z
plantain,P.L.AE1.N.T.AH0.N
slight,S.L.AY1.T
silk,S.IH1.L.K
scalpel,S.K.AE1.L.P.AH0.L
chainsaw,CH.EY1.N.S.AO2
south,S.AW1.TH
spider,S.P.AY1.D.ER0
sniffle,S.N.IH1.F.AH0.L
bean,B.IY1.N
cruiseliners,K.R.UW1.Z.L.AY1.N.ER2.S
atv,EY.T.IY.V.IY
cheer,CH.IH1.R
almonds,AA1.L.M.AH0.N.D.Z
so,S.OW1
chestnut,CH.EH1.S.N.AH2.T
at,AE1.T
shears,SH.IY1.R.Z
roll,R.OW1.L
a,EY1
axe,AE1.K.S
kumquat,K.AH1.M.K.W.AA0.T
available,AH0.V.EY1.L.AH0.B.AH0.L
cruiseboat,K.R.UW1.Z.B.OW2.T
sanctimonious,S.AE2.NG.K.T.AH0.M.OW1.N.IY0.AH0.S
abnormal,AE0.B.N.AO1.R.M.AH0.L
stomp,S.T.AA1.M.P
speeding,S.P.IY1.D.IH0.NG
attempt,AH0.T.EH1.M.P.T
sanity,S.AE1.N.AH0.T.IY0
affect,AH0.F.EH1.K.T
twist,T.W.IH1.S.T
lima_bean,L.IY1.M.AH0.B.IY1.N
leaf,L.IY1.F
shouting,SH.AW1.T.IH0.NG
fir,F.ER1
grizzly_bear,G.R.IH1.Z.L.IY0.B.EH1.R
fleet,F.L.IY1.T
lift,L.IH1.F.T
frill,F.R.IH1.L
afford,AH0.F.AO1.R.D
fox,F.AA1.K.S
farther,F.AA1.R.DH.ER0
freeway,F.R.IY1.W.EY2
executive,IH0.G.Z.EH1.K.Y.AH0.T.IH0.V
seagull,S.IY1.G.AH2.L
semi,S.EH1.M.AY2
bathe,B.EY1.DH
sliver,S.L.IH1.V.ER0
shank,SH.AE1.NG.K
lima_beans,L.IY1.M.AH0.B.IY1.N.Z
dwelling,D.W.EH1.L.IH0.NG
sneaker,S.N.IY1.K.ER0
party,P.AA1.R.T.IY0
grape,G.R.EY1.P
furnace,F.ER1.N.AH0.S
yacht,Y.AA1.T
adjusting,AH0.JH.AH1.S.T.IH0.NG
washers,W.AA1.SH.ER0.Z
sitting,S.IH1.T.IH0.NG
fable,F.EY1.B.AH0.L
fishing,F.IH1.SH.IH0.NG
fate,F.EY1.T
diving,D.AY1.V.IH0.NG
parsley,P.AA1.R.S.L.IY0
oxen,AA1.K.S.AH0.N
secondary,S.EH1.K.AH0.N.D.EH2.R.IY0
toss,T.AO1.S
buying,B.AY1.IH0.NG
scaffolding,S.K.AE1.F.AH0.L.D.IH0.NG
went,W.EH1.N.T
settle,S.EH1.T.AH0.L
fiction,F.IH1.K.SH.AH0.N
fastidious,F.AE0.S.T.IH1.D.IY0.AH0.S
sliding,S.L.AY1.D.IH0.NG
addict,AE1.D.IH2.K.T
rutabagas,R.UW1.T.AH0.B.EY0.G.AH0.Z
against,AH0.G.EY1.N.S.T
antenna,AE2.N.T.EH1.N.AH0
ram,R.AE1.M
winning,W.IH1.N.IH0.NG
structure,S.T.R.AH1.K.CH.ER0
straight,S.T.R.EY1.T
assaulting,AH0.S.AO1.L.T.IH0.NG
zebra,Z.IY1.B.R.AH0
concrete,K.AH0.N.K.R.IY1.T
cruiseship,K.R.UW2.S.SH.IH2.P
farmer,F.AA1.R.M.ER0
satisfy,S.AE1.T.IH0.S.F.AY2
moccasin,M.AA1.K.AH0.S.IH0.N
sever,S.EH1.V.ER0
faculty,F.AE1.K.AH0.L.T.IY0
sandfly,S.AE1.N.D.F.L.IY2
descend,D.IH0.S.EH1.N.D
frigid,F.R.IH1.JH.AH0.D
art,AA1.R.T
wan,W.AA1.N
mallet,M.AE1.L.IH0.T
school,S.K.UW1.L
newt,N.UW1.T
groundhog,G.R.AW1.N.D.HH.AA2.G
bits,B.IH1.T.S
cooking,K.UH1.K.IH0.NG
aerial,EH1.R.IY0.AH0.L
jumping,JH.AH1.M.P.IH0.NG
sapped,S.AE1.P.T
arrest,ER0.EH1.S.T
wish,W.IH1.SH
fake,F.EY1.K
free,F.R.IY1
tomatoes,T.AH0.M.AA1.T.OW0.Z
hedge,HH.EH1.JH
dirigible,D.ER1.JH.IH2.B.L3
planes,P.L.EY1.N.Z
tangerine,T.AE2.N.JH.ER0.IY1.N
grabbing,G.R.AE1.B.IH0.NG
alien,EY1.L.IY0.AH0.N
robin,R.AA1.B.IH0.N
turnip_green,T.ER1.N.AH0.P.G.R.IY1.N
crescent,K.R.EH1.S.AH0.N.T
foam,F.OW1.M
assert,AH0.S.ER1.T
mushmelon,M.AH1.SH.M.EH2.L.AH3.N
salary,S.AE1.L.ER0.IY0
amplify,AE1.M.P.L.AH0.F.AY2
colt,K.OW1.L.T
outboard,AW1.T.B.AO2.R.D
ski,S.K.IY1
fantasy,F.AE1.N.AH0.S.IY0
trot,T.R.AA1.T
advancing,AH0.D.V.AE1.N.S.IH0.NG
albatross,AE1.L.B.AH0.T.R.AA2.S
motorcycle,M.OW1.T.ER0.S.AY2.K.AH0.L
spoon,S.P.UW1.N
luxury,L.AH1.G.ZH.ER0.IY0
harbor,HH.AA1.R.B.ER0
convertible,K.AH0.N.V.ER1.T.AH0.B.AH0.L
ahoy,AH0.HH.OY1
scold,S.K.OW1.L.D
rhino,R.AY1.N.OW0
dates,D.EY1.T.S
alphabet,AE1.L.F.AH0.B.EH2.T
final,F.AY1.N.AH0.L
drum,D.R.AH1.M
pony,P.OW1.N.IY0
snails,S.N.EY1.L.Z
lie,L.AY1
chipmunk,CH.IH1.P.M.AH2.N.K
forte,F.AO1.R.T
crows,K.R.OW1.Z
fungus,F.AH1.NG.G.AH0.S
climbing,K.L.AY1.M.IH0.NG
trains,T.R.EY1.N.Z
tablet,T.AE1.B.L.AH0.T
swear,S.W.EH1.R
drive,D.R.AY1.V
kicking,K.IH1.K.IH0.NG
filly,F.IH1.L.IY0
collards,K.AA1.L.ER0.D.Z
urchin,ER1.CH.AH0.N
fish,F.IH1.SH
affirmation,AE2.F.ER0.M.EY1.SH.AH0.N
fellows,F.EH1.L.OW0.Z
salute,S.AH0.L.UW1.T
book,B.UH1.K
stooping,S.T.UW1.P.IH0.NG
allegory,AE1.L.AH0.G.AO2.R.IY0
fatal,F.EY1.T.AH0.L
enter,EH1.N.T.ER0
flower,F.L.AW1.ER0
shade,SH.EY1.D
hearse,HH.ER1.S
dance,D.AE1.N.S
goat,G.OW1.T
are,AA1.R
section,S.EH1.K.SH.AH0.N
marker,M.AA1.R.K.ER0
pry,P.R.AY1
blue_heron,B.L.UW1.HH.EH1.R.AH0.N
sear,S.IH1.R
still,S.T.IH1.L
familiar,F.AH0.M.IH1.L.Y.ER0
sunny,S.AH1.N.IY0
sleeve,S.L.IY1.V
appropriate,AH0.P.R.OW1.P.R.IY0.EY2.T
agile,AE1.JH.AH0.L
stitch,S.T.IH1.CH
sex,S.EH1.K.S
suing,S.UW1.IH0.NG
burro,B.ER1.OW0
thinking,TH.IH1.NG.K.IH0.NG
sailplane,S.EY1.L.P.L.EY2.N
arch,AA1.R.CH
savage,S.AE1.V.AH0.JH
sensation,S.EH2.N.S.EY1.SH.AH0.N
chop,CH.AA1.P
t,T.IY1
sometime,S.AH1.M.T.AY2.M
series,S.IH1.R.IY0.Z
hear,HH.IY1.R
elevator,EH1.L.AH0.V.EY2.T.ER0
chimpanzee,CH.IH0.M.P.AE1.N.Z.IY0
servers,S.ER1.V.ER0.Z
swordfish,S.AO1.R.D.F.IH2.SH
sequence,S.IY1.K.W.AH0.N.S
adult,AE1.D.AH0.L.T
cane,K.EY1.N
artery,AA1.R.T.ER0.IY0
word,W.ER1.D
motorboat,M.OW1.T.ER0.B.OW2.T
failed,F.EY1.L.D
duck,D.AH1.K
carrot,K.EH1.R.AH0.T
warship,W.AO1.R.SH.IH2.P
actor,AE1.K.T.ER0
sacred,S.EY1.K.R.IH0.D
seventy,S.EH1.V.AH0.N.T.IY0
fancy,F.AE1.N.S.IY0
stroll,S.T.R.OW1.L
steamship,S.T.IY1.M.SH.IH2.P
folio,F.OW1.L.IY2.OW3
van,V.AE1.N
grasshopper,G.R.AE1.S.HH.AA2.P.ER0
season,S.IY1.Z.AH0.N
apply,AH0.P.L.AY1
seasonal,S.IY1.Z.AH0.N.AH0.L
spade,S.P.EY1.D
assemble,AH0.S.EH1.M.B.AH0.L
tigers,T.AY1.G.ER0.Z
sun,S.AH1.N
rollerskates,R.OW1.L.ER3.S.K.EY2.T.S
mushroom,M.AH1.SH.R.UW0.M
sardine,S.AA0.R.D.IY1.N
species,S.P.IY1.SH.IY0.Z
blimp,B.L.IH1.M.P
ambulance,AE1.M.B.Y.AH0.L.AH0.N.S
cow,K.AW1
funky,F.AH1.NG.K.IY0
aspirin,AE1.S.P.R.IH0.N
set,S.EH1.T
gliding,G.L.AY1.D.IH0.NG
awning,AA1.N.IH0.NG
flint,F.L.IH1.N.T
seems,S.IY1.M.Z
fireman,F.AY1.R.M.AH0.N
park,P.AA1.R.K
tiretube,T.AY1.R.T.UW2.B
seals,S.IY1.L.Z
attach,AH0.T.AE1.CH
sharpener,SH.AA1.R.P.EH2.N.ER3
crab,K.R.AE1.B
atom,AE1.T.AH0.M
folk,F.OW1.K
black_bear,B.L.AE1.K.B.EH1.R
ostrich,AO1.S.T.R.IH0.CH
slat,S.L.AE1.T
kiwi,K.IY1.W.IY0
hasp,H.AE1.S.P
plum,P.L.AH1.M
sail,S.EY1.L
almost,AO1.L.M.OW2.S.T
fruitful,F.R.UW1.T.F.AH0.L
acknowledge,AE2.K.N.AA1.L.IH0.JH
fort,F.AO1.R.T
submarines,S.AH1.B.M.ER0.IY2.N.Z
tools,T.UW1.L.Z
agriculture,AE1.G.R.IH0.K.AH2.L.CH.ER0
motorcycling,M.OW1.T.ER2.S.IY2.K.L3
garlic,G.AA1.R.L.IH0.K
tram,T.R.AE1.M
armature,AA1.R.M.AH2.CH.ER3
alliance,AH0.L.AY1.AH0.N.S
speed,S.P.IY1.D
sip,S.IH1.P
hang,HH.AE1.NG
rollerskate,R.OW1.L.ER3.S.K.EY2.T
play,P.L.EY1
advance,AH0.D.V.AE1.N.S
ships,SH.IH1.P.S
see,S.IY1
aggregate,AE1.G.R.AH0.G.EY2.T
footwork,F.UH1.T.W.ER2.K
shoelace,SH.UW1.L.EY2.S
family,F.AE1.M.L.IY0
hemp,HH.EH1.M.P
stern,S.T.ER1.N
murder,M.ER1.D.ER0
racecar,R.EY1.S.K.AA2.R
saucer,S.AO1.S.ER0
fired,F.AY1.ER0.D
fumble,F.AH1.M.B.AH0.L
subject,S.AH1.B.JH.IH0.K.T
funnel,F.AH1.N.AH0.L
angry,AE1.NG.G.R.IY0
shell,SH.EH1.L
carving,K.AA1.R.V.IH0.NG
six,S.IH1.K.S
seal,S.IY1.L
coughing,K.AA1.F.IH0.NG
alarm,AH0.L.AA1.R.M
muscadine,M.AH2.S.K.AA3.D.IY1.N
killing,K.IH1.L.IH0.NG
slide,S.L.AY1.D
salve,S.AA1.V
applause,AH0.P.L.AO1.Z
said,S.EH1.D
some,S.AH1.M
jog,JH.AA1.G
buzzard,B.AH1.Z.ER0.D
suit,S.UW1.T
corn,K.AO1.R.N
squirrel,S.K.W.ER1.AH0.L
surprise,S.AH0.P.R.AY1.Z
anxious,AE1.NG.K.SH.AH0.S
cars,K.AA1.R.Z
somewhere,S.AH1.M.W.EH2.R
oceanliner,OW1.SH.AH2.N.L.IY1.N.ER2
piranha,P.IH0.R.AE1.N.HH.AH0
fear,F.IH1.R
wiggle,W.IH1.G.AH0.L
subpoena,S.AH0.P.IY1.N.AH0
academy,AH0.K.AE1.D.AH0.M.IY0
ended,EH1.N.D.AH0.D
suicide,S.UW1.IH0.S.AY2.D
hauling,HH.AO1.L.IH0.NG
anti,AE1.N.T.AY0
calculator,K.AE1.L.K.Y.AH0.L.EY2.T.ER0
exercise,EH1.K.S.ER0.S.AY2.Z
service,S.ER1.V.IH0.S
flow,F.L.OW1
abundant,AH0.B.AH1.N.D.AH0.N.T
scavenge,S.K.AE1.V.AH0.N.JH
mobile,M.OW1.B.AH0.L
wasp,W.AA1.S.P
sapphire,S.AE1.F.AY2.ER0
folly,F.AA1.L.IY0
pins,P.IH1.N.Z
agitate,AE1.JH.AH0.T.EY2.T
salsa,S.AO1.L.S.AH0
figurine,F.IH2.G.Y.ER0.IY1.N
access,AE1.K.S.EH2.S
skates,S.K.EY1.T.S
waving,W.EY1.V.IH0.NG
surf,S.ER1.F
sacrosanct,S.AE1.K.R.OW0.S.AE2.NG.K.T
hike,HH.AY1.K
aircraft,EH1.R.K.R.AE2.F.T
mule,M.Y.UW1.L
dipper,D.IH1.P.ER0
pomegranate,P.AA1.M.AH3.G.R.AE2.N.IH3.T
anagram,AE1.N.AH0.G.R.AE2.M
situation,S.IH2.CH.UW0.EY1.SH.AH0.N
skiing,S.K.IY1.IH0.NG
satisfaction,S.AE2.T.IH0.S.F.AE1.K.SH.AH0.N
absurd,AH0.B.S.ER1.D
flesh,F.L.EH1.SH
seat,S.IY1.T
amiable,EY1.M.IY0.AH0.B.AH0.L
sequester,S.IH0.K.W.EH1.S.T.ER0
papers,P.EY1.P.ER0.Z
double,D.AH1.B.AH0.L
lion,L.AY1.AH0.N
milk,M.IH1.L.K
awful,AO1.F.AH0.L
active,AE1.K.T.IH0.V
tile,T.AY1.L
shifty,SH.IH1.F.T.IY0
digger,D.IH1.G.ER0
fowl,F.AW1.L
boating,B.OW1.T.IH0.NG
anxiety,AE2.NG.Z.AY1.AH0.T.IY0
seven,S.EH1.V.AH0.N
friends,F.R.EH1.N.Z
saxophone,S.AE1.K.S.AH0.F.OW2.N
somebody,S.AH1.M.B.AA2.D.IY0
arcade,AA0.R.K.EY1.D
carrier,K.AE1.R.IY0.ER0
chisel,CH.IH1.Z.AH0.L
fume,F.Y.UW1.M
amend,AH0.M.EH1.N.D
hop,HH.AA1.P
tool,T.UW1.L
spring,S.P.R.IH1.NG
chase,CH.EY1.S
watermelon,W.AO1.T.ER0.M.EH2.L.AH0.N
split,S.P.L.IH1.T
hoard,HH.AO1.R.D
sanitize,S.AE1.N.IH0.T.AY2.Z
miter,M.AY1.T.ER0
brushing,B.R.AH1.SH.IH0.NG
rats,R.AE1.T.S
mice,M.AY1.S
sensible,S.EH1.N.S.AH0.B.AH0.L
shin,SH.IH1.N
stepmom,S.T.EH1.P.M.AO2.M
swallow,S.W.AO1.L.OW0
collect,K.AH0.L.EH1.K.T
fond,F.AA1.N.D
astute,AH0.S.T.UW1.T
holler,HH.AA1.L.ER0
fiesty,F.AY1.S.T.IY2
dump,D.AH1.M.P
scrubbing,S.K.R.AH1.B.IH0.NG
use,Y.UW1.S
swinging,S.W.IH1.NG.IH0.NG
fraud,F.R.AO1.D
forgive,F.AO0.R.G.IH1.V
ladle,L.EY1.D.AH0.L
smoking,S.M.OW1.K.IH0.NG
salvage,S.AE1.L.V.IH0.JH
nail,N.EY1.L
pheasant,F.EH1.Z.AH0.N.T
skim,S.K.IH1.M
texting,T.EH2.K.S.T.IH2.NG
sickness,S.IH1.K.N.AH0.S
rail,R.EY1.L
slipping,S.L.IH1.P.IH0.NG
salamander,S.AE2.L.AH0.M.AE1.N.D.ER0
backhoe,B.AE1.K.HH.OW2
presenting,P.R.IH0.Z.EH1.N.T.IH0.NG
mango,M.AE1.NG.G.OW0
plumb,P.L.AH1.M
bewildering,B.IH0.W.IH1.L.D.ER0.IH0.NG
dribbling,D.R.IH1.B.AH0.L.IH0.NG
salient,S.EY1.L.IY0.AH0.N.T
study,S.T.AH1.D.IY0
shells,SH.EH1.L.Z
runabout,R.AH1.N.AH0.B.AW2.T
hippopotamus,HH.IH2.P.AH0.P.AA1.T.AH0.M.AH0.S
has,HH.AE1.Z
blowfish,B.L.OW1.F.IH0.SH
financial,F.AY2.N.AE1.N.SH.AH0.L
roach,R.OW1.CH
freeze,F.R.IY1.Z
flimsy,F.L.IH1.M.Z.IY0
solder,S.AA1.D.ER0
argument,AA1.R.G.Y.AH0.M.AH0.N.T
feeding,F.IY1.D.IH0.NG
alto,AE1.L.T.OW0
peppers,P.EH1.P.ER0.Z
slap,S.L.AE1.P
transfer,T.R.AE0.N.S.F.ER1
saw,S.AO1
feather,F.EH1.DH.ER0
open,OW1.P.AH0.N
antithesis,AE2.N.T.IH1.TH.AH0.S.AH0.S
sparrow,S.P.EH1.R.OW0
autograph,AO1.T.AH0.G.R.AE2.F
freckles,F.R.EH1.K.AH0.L.Z
lever,L.EH1.V.ER0
snail,S.N.EY1.L
fennel,F.EH1.N.AH0.L
making,M.EY1.K.IH0.NG
battleship,B.AE1.T.AH0.L.SH.IH2.P
bass,B.EY1.S
winch,W.IH1.N.CH
biking,B.AY1.K.IH0.NG
approve,AH0.P.R.UW1.V
severe,S.AH0.V.IH1.R
evade,IH0.V.EY1.D
grouper,G.R.UW1.P.ER0
forget,F.AO0.R.G.EH1.T
shopping,SH.AA1.P.IH0.NG
front,F.R.AH1.N.T
furniture,F.ER1.N.IH0.CH.ER0
peach,P.IY1.CH
stain,S.T.EY1.N
alcohol,AE1.L.K.AH0.HH.AA2.L
awesome,AO1.S.AH0.M
anniversary,AE2.N.AH0.V.ER1.S.ER0.IY0
frightened,F.R.AY1.T.AH0.N.D
catfish,K.AE1.T.F.IH2.SH
acrimony,AE1.K.R.IH0.M.OW2.N.IY0
pickle,P.IH1.K.AH0.L
forehand,F.AO1.R.HH.AE2.N.D
riverboat,R.IH1.V.ER0.B.OW2.T
been,B.IH1.N
crying,K.R.AY1.IH0.NG
jigsaw,JH.IH1.G.S.AO2
drumming,D.R.AH1.M.IH0.NG
dispute,D.IH0.S.P.Y.UW1.T
sandal,S.AE1.N.D.AH0.L
pontoon,P.AA0.N.T.UW1.N
axis,AE1.K.S.AH0.S
flop,F.L.AA1.P
absence,AE1.B.S.AH0.N.S
besetting,B.IH0.S.EH1.T.IH0.NG
stairways,S.T.EH1.R.W.EY2.Z
iguana,AY2.G.W.AA1.N.AH0
dubbing,D.AH1.B.IH0.NG
sander,S.AE1.N.D.ER0
pencil,P.EH1.N.S.AH0.L
swan,S.W.AO1.N
can,K.AE1.N
afar,AH0.F.AA1.R
race,R.EY1.S
factory,F.AE1.K.T.ER0.IY0
hippo,HH.IH1.P.OW0
storm,S.T.AO1.R.M
giggle,G.IH1.G.AH0.L
cauliflower,K.AA1.L.AH0.F.L.AW2.ER0
setting,S.EH1.T.IH0.NG
flapjacks,F.L.AE1.P.JH.AE2.K.S
soil,S.OY1.L
flurry,F.L.ER1.IY0
algae,AE1.L.JH.IY0
shoulder,SH.OW1.L.D.ER0
ancient,EY1.N.SH.AH0.N.T
sophomore,S.AA1.F.M.AO2.R
eat,IY1.T
saccharine,S.AE1.K.ER0.AY2.N
ratchet,R.AE1.CH.AH0.T
awkward,AO1.K.W.ER0.D
ahead,AH0.HH.EH1.D
flatplate,F.L.AE1.T.P.L.EY2.T
look,L.UH1.K
activate,AE1.K.T.AH0.V.EY2.T
fab,F.AE1.B
rescue,R.EH1.S.K.Y.UW0
annual,AE1.N.Y.UW0.AH0.L
acre,EY1.K.ER0
laughing,L.AE1.F.IH0.NG
lifeboat,L.AY1.F.B.OW2.T
rolling,R.OW1.L.IH0.NG
select,S.AH0.L.EH1.K.T
scooter,S.K.UW1.T.ER0
tack,T.AE1.K
softball,S.AO1.F.B.AO2.L
anemone,AE1.N.IH0.M.OW2.N
accept,AE2.K.S.EH1.P.T
polisher,P.AA1.L.IH2.SH.ER3
feck,F.EH1.K
lions,L.AY1.AH0.N.Z
porpoise,P.AO1.R.P.AH0.S
wheelchair,W.IY1.L.CH.EH2.R
apricots,AE1.P.R.AH0.K.AA2.T.S
chimp,CH.IH1.M.P
fruit,F.R.UW1.T
florist,F.L.AO1.R.AH0.S.T
antidote,AE1.N.IH0.D.OW2.T
audit,AO1.D.IH0.T
flavor,F.L.EY1.V.ER0
boar,B.AO1.R
singer,S.IH1.NG.ER0
hog,HH.AA1.G
shrimp,SH.R.IH1.M.P
doing,D.UW1.IH0.NG
ping,P.IH1.NG
stove,S.T.OW1.V
lorry,L.AO1.R.IY0
sing,S.IH1.NG
rocking,R.AA1.K.IH0.NG
force,F.AO1.R.S
forgetful,F.ER0.G.EH1.T.F.AH0.L
sofa,S.OW1.F.AH0
succulent,S.AH1.K.Y.AH0.L.IH0.N.T
film,F.IH1.L.M
arc,AA1.R.K
an,AE1.N
flub,F.L.AH1.B
knit,N.IH1.T
cutting,K.AH1.T.IH0.NG
sane,S.EY1.N
fine,F.AY1.N
round,R.AW1.N.D
boysenberry,B.OY1.S.EH3.N.B.EH2.R.IY1
black-eyed_pea,B.L.AE1.K.AY1.D.P.IY1.Z.P.IY1
assume,AH0.S.UW1.M
screw,S.K.R.UW1
someone,S.AH1.M.W.AH2.N
try,T.R.AY1
mammal,M.AE1.M.AH0.L
smell,S.M.EH1.L
floor,F.L.AO1.R
railways,R.EY1.L.W.EY2.Z
aardvarks,AA1.R.D.V.AA2.R.K.S
alright,AO2.L.R.AY1.T
leave,L.IY1.V
beavers,B.IY1.V.ER0.Z
starch,S.T.AA1.R.CH
calipers,K.AE1.L.AH0.P.ER0.Z
frost,F.R.AO1.S.T
tricycle,T.R.IH1.S.IH0.K.AH0.L
shift,SH.IH1.F.T
carrying,K.AE1.R.IY0.IH0.NG
stick,S.T.IH1.K
summer,S.AH1.M.ER0
cab,K.AE1.B
fib,F.IH1.B
furor,F.Y.UH1.R.AO0.R
studfinder,S.T.AH2.D.F.AY1.N.D.ER3
salmon,S.AE1.M.AH0.N
stocks,S.T.AA1.K.S
clipper,K.L.IH1.P.ER0
wingfly,W.IH2.NG.F.L.AY1
fishboat,F.IH1.SH.B.OW2.T
train,T.R.EY1.N
cucumber,K.Y.UW1.K.AH0.M.B.ER0
donkey,D.AO1.NG.K.IY0
alligator,AE1.L.AH0.G.EY2.T.ER0
shed,SH.EH1.D
anomaly,AH0.N.AA1.M.AH0.L.IY0
sacrifice,S.AE1.K.R.AH0.F.AY2.S
barracuda,B.EH2.R.AH0.K.UW1.D.AH0
quail,K.W.EY1.L
stew,S.T.UW1
amethyst,AE1.M.IH0.TH.IH0.S.T
analogy,AH0.N.AE1.L.AH0.JH.IY0
fleece,F.L.IY1.S
feeling,F.IY1.L.IH0.NG
failure,F.EY1.L.Y.ER0
atlas,AE1.T.L.AH0.S
after,AE1.F.T.ER0
tackle,T.AE1.K.AH0.L
slay,S.L.EY1
hopping,HH.AA1.P.IH0.NG
date,D.EY1.T
muskrats,M.AH1.S.K.R.AE2.T.Z
plane,P.L.EY1.N
dog,D.AO1.G
tomcat,T.AA1.M.K.AE2.T
disclose,D.IH0.S.K.L.OW1.Z
area,EH1.R.IY0.AH0
squid,S.K.W.IH1.D
faith,F.EY1.TH
fought,F.AO1.T
loving,L.AH1.V.IH0.NG
savannah,S.AH0.V.AE1.N.AH0
throwing,TH.R.OW1.IH0.NG
applesauce,AE1.P.AH0.L.S.AO2.S
flange,F.L.AE1.N.JH
slander,S.L.AE1.N.D.ER0
find,F.AY1.N.D
gun,G.AH1.N
scallions,S.K.AE1.L.Y.AH0.N.Z
skip,S.K.IH1.P
stump,S.T.AH1.M.P
goldfish,G.OW1.L.D.F.IH2.SH
plant,P.L.AE1.N.T
rabbit,R.AE1.B.IH0.T
melon,M.EH1.L.AH0.N
came,K.EY1.M
english_peas,IH1.NG.L.IH0.SH.P.IY1.Z
forever,F.ER0.EH1.V.ER0
fig,F.IH1.G
threader,TH.R.EH1.D.ER2
suck,S.AH1.K
wheel,W.IY1.L
clam,K.L.AE1.M
suddenly,S.AH1.D.AH0.N.L.IY0
hole,HH.OW1.L
phillips,F.IH1.L.IH0.P.S
puppy,P.AH1.P.IY0
armor,AA1.R.M.ER0
favorite,F.EY1.V.R.AH0.T
sharks,SH.AA1.R.K.S
stage,S.T.EY1.JH
slip,S.L.IH1.P
schooner,S.K.UW1.N.ER0
grip,G.R.IH1.P
sweatshirt,S.W.EH1.T.SH.ER2.T
special,S.P.EH1.SH.AH0.L
alley,AE1.L.IY0
pamper,P.AE1.M.P.ER0
shout,SH.AW1.T
roller,R.OW1.L.ER0
scotch,S.K.AA1.CH
bowl,B.OW1.L
accordingly,AH0.K.AO1.R.D.IH0.NG.L.IY0
frack,F.R.AE1.K
string,S.T.R.IH1.NG
appetite,AE1.P.AH0.T.AY2.T
lemon,L.EH1.M.AH0.N
annoy,AH0.N.OY1
tweezers,T.W.IY1.Z.ER0.Z
short,SH.AO1.R.T
razor,R.EY1.Z.ER0
former,F.AO1.R.M.ER0
guarding,G.AA1.R.D.IH0.NG
potatoes,P.AH0.T.EY1.T.OW0.Z
airborne,EH1.R.B.AO2.R.N
people,P.IY1.P.AH0.L
rest,R.EH1.S.T
assure,AH0.SH.UH1.R
paddle,P.AE1.D.AH0.L
bluejay,B.L.UW1.JH.EY2
turnip,T.ER1.N.AH0.P
asparagus,AH0.S.P.EH1.R.AH0.G.AH0.S
soul,S.OW1.L
bdt,B.IY.D.IY.T.IY
facilitate,F.AH0.S.IH1.L.AH0.T.EY2.T
strength,S.T.R.EH1.NG.K.TH
succumb,S.AH0.K.AH1.M
ferry_boat,F.EH1.R.IY0.B.OW1.T
work,W.ER1.K
taxi,T.AE1.K.S.IY0
anywhere,EH1.N.IY0.HH.W.EH2.R
sift,S.IH1.F.T
box,B.AA1.K.S
crumble,K.R.AH1.M.B.AH0.L
adam's_apple,AE1.D.AH0.M.Z.AE1.P.AH0.L.AE1.P.AH0.L
cattle,K.AE1.T.AH0.L
fag,F.AE1.G
prod,P.R.AA1.D
solders,S.OW1.L.D.ER2
alive,AH0.L.AY1.V
tangerines,T.AE1.N.JH.ER0.IY2.N.Z
handsaw,HH.AE1.N.D.S.AO2
speak,S.P.IY1.K
subways,S.AH1.B.W.EY2.Z
frequency,F.R.IY1.K.W.AH0.N.S.IY0
washing,W.AA1.SH.IH0.NG
aviator,EY1.V.IY0.EY2.T.ER0
safe,S.EY1.F
blackberry,B.L.AE1.K.B.EH2.R.IY0
weed,W.IY1.D
accommodate,AH0.K.AA1.M.AH0.D.EY2.T
surface,S.ER1.F.AH0.S
parsnip,P.AA1.R.S.N.IH2.P
cornerblock,K.OW1.R.N.ER3.B.L.AA2.K
reach,R.IY1.CH
secrete,S.IH0.K.R.IY1.T
amber,AE1.M.B.ER0
chalk,CH.AA1.K
fend,F.EH1.N.D
live,L.AY1.V
scant,S.K.AE1.N.T
tomato,T.AH0.M.EY1.T.OW0
flatboat,F.L.AE1.T.B.OW2.T
achieve,AH0.CH.IY1.V
strike,S.T.R.AY1.K
also,AO1.L.S.OW0
sledgehammer,S.L.EH1.JH.HH.AE2.M.ER0
smiling,S.M.AY1.L.IH0.NG
fiddling,F.IH1.D.L.IH0.NG
sacrament,S.AE1.K.R.AH0.M.AH0.N.T
seventy-seven,S.EH1.V.AH0.N.IY0.S.EH1.V.AH0.N
seldom,S.EH1.L.D.AH0.M
fizzle,F.IH1.Z.AH0.L
turnip_greens,T.ER1.N.AH0.P.G.R.IY1.N.Z
eel,IY1.L
bolt,B.OW1.L.T
moose,M.UW1.S
frenzy,F.R.EH1.N.Z.IY0
ship,SH.IH1.P
artificial,AA2.R.T.AH0.F.IH1.SH.AH0.L
amuse,AH0.M.Y.UW1.Z
session,S.EH1.SH.AH0.N
cranberry,K.R.AE1.N.B.EH2.R.IY0
dancing,D.AE1.N.S.IH0.NG
shaking,SH.EY1.K.IH0.NG
saving,S.EY1.V.IH0.NG
sandpaper,S.AE1.N.D.P.EY2.P.ER0
standby,S.T.AE1.N.D.B.AY2
apprentice,AH0.P.R.EH1.N.T.IH0.S
appear,AH0.P.IH1.R
moped,M.OW1.P.T
pickup,P.IH1.K.AH2.P
shorthand,SH.AO1.R.T.HH.AE2.N.D
honeydew,HH.AH1.N.IY0.D.UW2
karate,K.ER0.AA1.T.IY0
fandango,F.AE0.N.D.AE1.NG.G.OW2
faucet,F.AO1.S.AH0.T
pipe,P.AY1.P
getting,G.EH1.T.IH0.NG
ocean,OW1.SH.AH0.N
sum,S.AH1.M
sick,S.IH1.K
crabs,K.R.AE1.B.Z
tv,T.IY.V.IY
paint,P.EY1.N.T
pin,P.IH1.N
sibling,S.IH1.B.L.IH0.NG
sincere,S.IH0.N.S.IH1.R
limo,L.IH1.M.OW0
arugula,AH2.R.UW1.G.AH3.L.AA2
agoing,AA2.G.OW1.IH3.NG
bicycling,B.AY1.S.IH2.K.AH0.L.IH0.NG
pigs,P.IH1.G.Z
alfalfa_sprout,AE2.L.F.AE1.L.F.AH0.S.P.R.AW1.T
erase,IH0.R.EY1.S
silence,S.AY1.L.AH0.N.S
grinding,G.R.AY1.N.D.IH0.NG
greens,G.R.IY1.N.Z
mine,M.AY1.N
sheep,SH.IY1.P
acquaintance,AH0.K.W.EY1.N.T.AH0.N.S
endive,EH1.N.D.IH0.V
frolic,F.R.AA1.L.IH0.K
did,D.IH1.D
stake,S.T.EY1.K
post,P.OW1.S.T
o,OW1
scissors,S.IH1.Z.ER0.Z
till,T.IH1.L
sap,S.AE1.P
push,P.UH1.SH
aristocrat,ER0.IH1.S.T.AH0.K.R.AE2.T
pulling,P.UH1.L.IH0.NG
alumni,AH0.L.AH1.M.N.AY2
sling,S.L.IH1.NG
learning,L.ER1.N.IH0.NG
cruisers,K.R.UW1.Z.ER0.Z
stay,S.T.EY1
driving,D.R.AY1.V.IH0.NG
cough,K.AA1.F
fairy,F.EH1.R.IY0
pen,P.EH1.N
log,L.AO1.G
shame,SH.EY1.M
carrots,K.EH1.R.AH0.T.S
fillet,F.AH0.L.EY1
arthritis,AA0.R.TH.R.AY1.T.AH0.S
tinker,T.IH1.NG.K.ER0
flan,F.L.AE1.N
sentence,S.EH1.N.T.AH0.N.S
hot,HH.AA1.T
arrive,ER0.AY1.V
frontier,F.R.AH0.N.T.IH1.R
swim,S.W.IH1.M
snips,S.N.IH1.P.S
seek,S.IY1.K
for,F.AO1.R
crank,K.R.AE1.NG.K
apes,EY1.P.S
olive,AA1.L.IH0.V
saliva,S.AH0.L.AY1.V.AH0
symphony,S.IH1.M.F.AH0.N.IY0
dig,D.IH1.G
sewing,S.OW1.IH0.NG
trimaran,T.R.AY1.M.AH.R.AE2.N
spy,S.P.AY1
adelia,AH3.D.IY1.L.IY2.AA3
straddle,S.T.R.AE1.D.AH0.L
sober,S.OW1.B.ER0
dressing,D.R.EH1.S.IH0.NG
sleeping,S.L.IY1.P.IH0.NG
sister,S.IH1.S.T.ER0
sow,S.OW1
manatee,M.AE1.N.AH0.T.IY2
dryer,D.R.AY1.ER0
cook,K.UH1.K
steamer,S.T.IY1.M.ER0
snakes,S.N.EY1.K.S
tugboat,T.AH1.G.B.OW2.T
gondola,G.AA1.N.D.AH0.L.AH0
whispering,W.IH1.S.P.ER0.IH0.NG
hummingbird,HH.AH1.M.IH0.NG.B.ER2.D
antagonistic,AE2.N.T.AE2.G.AH0.N.IH1.S.T.IH0.K
muskrat,M.AH1.S.K.R.AE2.T
shoe,SH.UW1
shoes,SH.UW1.Z
stretch,S.T.R.EH1.CH
strawberries,S.T.R.AO1.B.EH2.R.IY0.Z
gliders,G.L.AY1.D.ER0.Z
football,F.UH1.T.B.AO2.L
seen,S.IY1.N
taps,T.AE1.P.S
frigates,F.R.IH1.G.AH0.T.S
sloop,S.L.UW1.P
salivate,S.AE1.L.AH0.V.EY2.T
allure,AH0.L.UH1.R
apple,AE1.P.AH0.L
clapping,K.L.AE1.P.IH0.NG
forgot,F.AO0.R.G.AA1.T
festive,F.EH1.S.T.IH0.V
surfing,S.ER1.F.IH0.NG
afrom,AH1.F.R.AH2.M
oranges,AO1.R.IH0.N.JH.IH0.Z
racoon,R.AE2.K.UW1.N
supply,S.AH0.P.L.AY1
ax,AE1.K.S
stack,S.T.AE1.K
calves,K.AE1.V.Z
fashion,F.AE1.SH.AH0.N
board,B.AO1.R.D
carriage,K.AE1.R.IH0.JH
famous,F.EY1.M.AH0.S
aspen,AE1.S.P.AH0.N
destroyers,D.IH0.S.T.R.OY1.ER0.Z
aunt,AO1.N.T
furious,F.Y.UH1.R.IY0.AH0.S
pitching,P.IH1.CH.IH0.NG
fatigue,F.AH0.T.IY1.G
slape,S.L.EY1.P
scooters,S.K.UW1.T.ER0.Z
frail,F.R.EY1.L
surge,S.ER1.JH
pepper,P.EH1.P.ER0
shaper,SH.EY1.P.ER2
railroad,R.EY1.L.R.OW2.D
performing,P.ER0.F.AO1.R.M.IH0.NG
sting,S.T.IH1.NG
alone,AH0.L.OW1.N
sawing,S.AO1.IH0.NG
motorbike,M.OW1.T.ER0.B.AY2.K
attic,AE1.T.IH0.K
wrecking,R.EH1.K.IH0.NG
flame,F.L.EY1.M
scrounge,S.K.R.AW1.N.JH
economy,IH0.K.AA1.N.AH0.M.IY0
furnish,F.ER1.N.IH0.SH
ruler,R.UW1.L.ER0
jeep,JH.IY1.P
berry,B.EH1.R.IY0
am,AE1.M
flay,F.L.EY1
failing,F.EY1.L.IH0.NG
fix,F.IH1.K.S
pirate,P.AY1.R.AH0.T
foe,F.OW1
raccoon,R.AE2.K.UW1.N
sharing,SH.EH1.R.IH0.NG
attainable,AH0.T.EY1.N.AH0.B.AH0.L
smelling,S.M.EH1.L.IH0.NG
sufficient,S.AH0.F.IH1.SH.AH0.N.T
buffalo,B.AH1.F.AH0.L.OW0
automatic,AO2.T.OW0.M.AE1.T.IH0.K
sand,S.AE1.N.D
blade,B.L.EY1.D
kite,K.AY1.T
frisbee,F.R.IH1.S.B.IY0
fighting,F.AY1.T.IH0.NG
frisk,F.R.IH1.S.K
building,B.IH1.L.D.IH0.NG
acquire,AH0.K.W.AY1.ER0
chains,CH.EY1.N.Z
analogue,AE1.N.AH0.L.AO2.G
three,TH.R.IY1
massage,M.AH0.S.AA1.ZH
compass,K.AH1.M.P.AH0.S
ascertain,AE2.S.ER0.T.EY1.N
shoot,SH.UW1.T
mowing,M.AW1.IH0.NG
write,R.AY1.T
dinghy,D.IH1.NG.IY0
walruses,W.AA1.L.R.AH0.S.IH0.Z
plyer,P.L.IY1.ER2
as,EH1.Z
sweet,S.W.IY1.T
lay,L.EY1
stalking,S.T.AO1.K.IH0.NG
scent,S.EH1.N.T
saucy,S.AO1.S.IY0
onions,AH1.N.Y.AH0.N.Z
sharp,SH.AA1.R.P
sell,S.EH1.L
showing,SH.OW1.IH0.NG
frat,F.R.AE1.T
shaft,SH.AE1.F.T
u,Y.UW1
llama,L.AA1.M.AH0
slack,S.L.AE1.K
ray,R.EY1
speedboat,S.P.IY1.D.B.OW2.T
falcon,F.AE1.L.K.AH0.N
breaker,B.R.EY1.K.ER0
freezer,F.R.IY1.Z.ER0
amity,AE1.M.IH0.T.IY0
shrink,SH.R.IH1.NG.K
whistle,W.IH1.S.AH0.L
away,AH0.W.EY1
alternative,AO2.L.T.ER1.N.AH0.T.IH0.V
seaplane,S.IY1.P.L.EY2.N
bob,B.AA1.B
lime,L.AY1.M
seamstress,S.IY1.M.S.T.R.IH0.S
fool,F.UW1.L
singing,S.IH1.NG.IH0.NG
presses,P.R.EH1.S.AH0.Z
form,F.AO1.R.M
man,M.AE1.N
sock,S.AA1.K
son,S.AH1.N
putty,P.AH1.T.IY0
actuate,AE1.K.CH.UW0.W.EY2.T
foot,F.UH1.T
kill,K.IH1.L
radish,R.AE1.D.IH0.SH
alike,AH0.L.AY1.K
astral,AE1.S.T.R.AH0.L
jaguar,JH.AE1.G.W.AA2.R
silent,S.AY1.L.AH0.N.T
battle,B.AE1.T.AH0.L
rutabaga,R.UW1.T.AH0.B.EY0.G.AH0
apart,AH0.P.AA1.R.T
electric,IH0.L.EH1.K.T.R.IH0.K
sixteen,S.IH0.K.S.T.IY1.N
scale,S.K.EY1.L
wave,W.EY1.V
acronym,AE1.K.R.AH0.N.IH0.M
abyss,AH0.B.IH1.S
stole,S.T.OW1.L
slup,S.L.AH1.P
stir,S.T.ER1
seclude,S.AH0.K.L.UW1.D
vehicle,V.IY1.HH.IH0.K.AH0.L
kangaroos,K.AE2.NG.G.ER0.UW1.Z
pea,P.IY1
scan,S.K.AE1.N
antitoxin,AE2.N.T.IY0.T.AA1.K.S.AH0.N
edger,EH1.JH.ER0
caring,K.EH1.R.IH0.NG
tire,T.AY1.ER0
yodel,Y.OW1.D.AH0.L
alt,AA1.L.T
secretary,S.EH1.K.R.AH0.T.EH2.R.IY0
abstinence,AE1.B.S.T.AH0.N.AH0.N.S
stiff,S.T.IH1.F
jetski,JH.EH2.T.S.K.IY1
strawberry,S.T.R.AO1.B.EH2.R.IY0
allot,AH0.L.AA1.T
finalize,F.AY1.N.AH0.L.AY2.Z
street,S.T.R.IY1.T
penguins,P.EH1.NG.G.W.AH0.N.Z
should,SH.UH1.D
crawfish,K.R.AO1.F.IH2.SH
forceful,F.AO1.R.S.F.AH0.L
catamarans,K.AH0.T.AE1.M.ER0.AH0.N.Z
taste,T.EY1.S.T
ace,EY1.S
savvy,S.AE1.V.IY0
abbreviate,AH0.B.R.IY1.V.IY0.EY2.T
tow,T.OW1
paintbrush,P.EY1.N.T.B.R.AH2.SH
accent,AE1.K.S.EH2.N.T
security,S.IH0.K.Y.UH1.R.AH0.T.IY0
frighten,F.R.AY1.T.AH0.N
harmonizing,HH.AA1.R.M.AH0.N.AY2.Z.IH0.NG
attitude,AE1.T.AH0.T.UW2.D
printing,P.R.IH1.N.T.IH0.NG
picture,P.IH1.K.CH.ER0
measure,M.EH1.ZH.ER0
charge,CH.AA1.R.JH
needlenose,N.IY1.D.L.N.OW2.S
riding,R.AY1.D.IH0.NG
touch,T.AH1.CH
limpet,L.IH1.M.P.IH2.T
splash,S.P.L.AE1.SH
verbalize,V.ER1.B.AH0.L.AY2.Z
ass,AE1.S
sealiner,S.IY1.L.IY1.N.ER2
taxicab,T.AE1.K.S.IY0.K.AE2.B
safari,S.AH0.F.AA1.R.IY0
foreigner,F.AO1.R.AH0.N.ER0
assertive,AH0.S.ER1.T.IH0.V
showboat,SH.OW1.B.OW2.T
drink,D.R.IH1.NG.K
blueberry,B.L.UW1.B.EH2.R.IY0
artifacts,AA1.R.T.AH0.F.AE2.K.T.S
landing,L.AE1.N.D.IH0.NG
algorithm,AE1.L.G.ER0.IH2.DH.AH0.M
battery,B.AE1.T.ER0.IY0
suv,S.Y.UW.V.IY
staff,S.T.AE1.F
ant,AE1.N.T
atmosphere,AE1.T.M.AH0.S.F.IH2.R
icepick,AY1.S.P.IH2.K
application,AE2.P.L.AH0.K.EY1.SH.AH0.N
sailing,S.EY1.L.IH0.NG
freelance,F.R.IY1.L.AE2.N.S
erasing,IH0.R.EY1.S.IH0.NG
pig,P.IH1.G
having,HH.AE1.V.IH0.NG
alpaca,AE2.L.P.AE1.K.AH0
from,F.ER0.M
type,T.AY1.P
sandy,S.AE1.N.D.IY0
buggy,B.AH1.G.IY0
ran,R.AE1.N
okra,OW1.K.R.AH0
spaceship,S.P.EY1.S.SH.IH2.P
depart,D.IH0.P.AA1.R.T
rattle,R.AE1.T.AH0.L
motorhome,M.OW1.T.ER3.HH.OW2.M
crocodiles,K.R.AA1.K.AH0.D.AY2.L.Z
moving,M.UW1.V.IH0.NG
pull,P.UH1.L
ascension,AH0.S.EH1.N.SH.AH0.N
pitchfork,P.IH1.CH.F.AO2.R.K
succotash,S.AH2.K.OW3.T.AE1.SH
aunts,AO1.N.T.S
muskmelon,M.AH1.S.K.M.EH2.L.AH0.N
merry,M.EH1.R.IY0
autumn,AO1.T.AH0.M
tall,T.AO1.L
wash,W.AA1.SH
anger,AE1.NG.G.ER0
risk,R.IH1.S.K
annex,AE1.N.EH2.K.S
hit,HH.IH1.T
steer,S.T.IH1.R
starfish,S.T.AA1.R.F.IH2.SH
lizard,L.IH1.Z.ER0.D
battleships,B.AE1.T.AH0.L.SH.IH2.P.S
nails,N.EY1.L.Z
dividing,D.IH0.V.AY1.D.IH0.NG
plier,P.L.AY1.ER0
writing,R.AY1.T.IH0.NG
firetruck,F.AY1.R.T.R.AH2.K
success,S.AH0.K.S.EH1.S
horned,HH.AO1.R.N.D
fence,F.EH1.N.S
down,D.AW1.N
cheetah,CH.IY1.T.AH0
fondle,F.AO1.N.D.AH0.L
water_buffalo,W.AO1.T.ER0.B.AH1.F.AH0.L.OW2
backing,B.AE1.K.IH0.NG
apathy,AE1.P.AH0.TH.IY0
booting,B.UW1.T.IH0.NG
butterflies,B.AH1.T.ER0.F.L.AY2.Z
slink,S.L.IH1.N.K
shut,SH.AH1.T
pick,P.IH1.K
is,IH1.Z
milling,M.IH1.L.IH0.NG
uav,Y.UW.EY.V.IY
crash,K.R.AE1.SH
deliver,D.IH0.L.IH1.V.ER0
mark,M.AA1.R.K
rapelling,R.AH2.P.EH1.L.IH3.NG
elk,EH1.L.K
ate,EY1.T
surfboard,S.ER1.F.B.AO2.R.D
fitness,F.IH1.T.N.AH0.S
follow,F.AA1.L.OW0
figs,F.IH1.G.Z
bar,B.AA1.R
blow,B.L.OW1
fickle,F.IH1.K.AH0.L
frankincense,F.R.AE1.NG.K.AH0.N.S.EH2.N.S
iron,AY1.ER0.N
five,F.AY1.V
fraternity,F.R.AH0.T.ER1.N.IH0.T.IY0
jet,JH.EH1.T
manage,M.AE1.N.AH0.JH
opener,OW1.P.AH0.N.ER0
hen,HH.EH1.N
stairway,S.T.EH1.R.W.EY2
mustard,M.AH1.S.T.ER0.D
fulfill,F.UH0.L.F.IH1.L
salvation,S.AE2.L.V.EY1.SH.AH0.N
soar,S.AO1.R
cougars,K.UW1.G.ER0.Z
fiber,F.AY1.B.ER0
affix,AE1.F.IH0.K.S
soft,S.AO1.F.T
subterranean,S.AH2.B.T.ER0.EY1.N.IY0.AH0.N
prune,P.R.UW1.N
transmit,T.R.AE0.N.Z.M.IH1.T
slick,S.L.IH1.K
arcane,AA2.R.K.EY1.N
remember,R.IH0.M.EH1.M.B.ER0
fiery,F.AY1.ER0.IY0
baseball,B.EY1.S.B.AO1.L
skiboat,S.K.IY1.B.OW2.T
sight,S.AY1.T
personal,P.ER1.S.IH0.N.IH0.L
sassafras,S.AE1.S.AH0.F.R.AE2.S
socket,S.AA1.K.AH0.T
skull,S.K.AH1.L
owl,AW1.L
fund,F.AH1.N.D
attend,AH0.T.EH1.N.D
sabre,S.EY1.B.ER0
pole,P.OW1.L
ale,EY1.L
working,W.ER1.K.IH0.NG
since,S.IH1.N.S
she,SH.IY1
absent,AE1.B.S.AH0.N.T
cartwheeling,K.AA2.R.T.W.IY1.L.IH2.NG
friendly,F.R.EH1.N.L.IY0
flew,F.L.UW1
racers,R.EY1.S.ER0.Z
prunes,P.R.UW1.N.Z
pruner,P.R.UW1.N.ER0
abalone,AE2.B.AH0.L.OW1.N.IY0
fondness,F.AA1.N.D.N.AH0.S
river,R.IH1.V.ER0
armadillo,AA2.R.M.AH0.D.IH1.L.OW0
trailer,T.R.EY1.L.ER0
steamboat,S.T.IY1.M.B.OW2.T
starting,S.T.AA1.R.T.IH0.NG
red_beans,R.EH1.D.B.IY1.N.Z
waltzing,W.AO1.L.T.S.IH0.NG
sweep,S.W.IY1.P
table,T.EY1.B.AH0.L
slaw,S.L.AO1
green_bean,G.R.IY1.N.B.IY1.N
flash,F.L.AE1.SH
rice,R.AY1.S
shibboleth,SH.IH1.B.AH0.L.EH2.TH
wiping,W.AY1.P.IH0.NG
seaside,S.IY1.S.AY2.D
human,Y.UW1.M.AH0.N
hammer,HH.AE1.M.ER0
arrange,ER0.EY1.N.JH
airplanes,EH1.R.P.L.EY0.N.Z
bottle,B.AA1.T.AH0.L
scabbard,S.K.AE1.B.ER0.D
drown,D.R.AW1.N
motorcycles,M.OW1.T.ER0.S.AY2.K.AH0.L.Z
shit,SH.IH1.T
skate,S.K.EY1.T
ants,AE1.N.T.S
lock,L.AA1.K
arrival,ER0.AY1.V.AH0.L
folder,F.OW1.L.D.ER0
frankfort,F.R.AE1.NG.K.F.ER0.T
sea_lion,S.IY1.L.AY1.AH0.N
protractor,P.R.OW2.T.R.AE1.C.T.OW3.R
cutters,K.AH1.T.ER0.Z
sigh,S.AY1
develop,D.IH0.V.EH1.L.AH0.P
sassy,S.AE1.S.IY0
sinkhole,S.IH1.NG.K.HH.OW2.L
fishingboat,F.IH1.SH.IH2.NG.B.OW2.T
cows,K.AW1.Z
assist,AH0.S.IH1.S.T
lynx,L.IH1.NG.K.S
white,W.AY1.T
hacksaw,HH.AE1.K.S.AO2
harass,HH.ER0.AE1.S
weasel,W.IY1.Z.AH0.L
animal,AE1.N.AH0.M.AH0.L
amount,AH0.M.AW1.N.T
accelerate,AE2.K.S.EH1.L.ER0.EY2.T
aardvark,AA1.R.D.V.AA0.R.K
big,B.IH1.G
forest,F.AO1.R.IH0.S.T
clams,K.L.AE1.M.Z
ewe,Y.UW1
acorn,EY1.K.AO2.R.N
flak,F.L.AE1.K
fela,F.EH1.L.AH0
alimony,AE1.L.AH0.M.OW2.N.IY0
edge,EH1.JH
recreational,R.EH2.K.R.IY0.EY1.SH.AH0.N.AH0.L
secrets,S.IY1.K.R.AH0.T.S
summary,S.AH1.M.ER0.IY0
rooster,R.UW1.S.T.ER0
stagecoach,S.T.EY1.JH.K.OW2.CH
sweet_potatoes,S.W.IY1.T.P.AH0.T.EY1.T.OW0.Z
rake,R.EY1.K
sourdough,S.AW1.UW2.R.D.OW3
further,F.ER1.DH.ER0
guppy,G.AH1.P.IY0
acclaim,AH0.K.L.EY1.M
founding,F.AW1.N.D.IH0.NG
tell,T.EH1.L
finger,F.IH1.NG.G.ER0
serial,S.IH1.R.IY0.AH0.L
sin,S.IH1.N
fell,F.EH1.L
limas,L.IY1.M.AH0.Z
snore,S.N.AO1.R
cry,K.R.AY1
dugout,D.AH1.G.AW2.T
cup,K.AH1.P
aerospace,EH1.R.OW0.S.P.EY2.S
mole,M.OW1.L
anything,EH1.N.IY0.TH.IH2.NG
stable,S.T.EY1.B.AH0.L
fearful,F.IH1.R.F.AH0.L
give,G.IH1.V
sameness,S.EY1.M.N.AH0.S
hangers,HH.AE1.NG.ER0.Z
fortuitous,F.AO0.R.T.UW1.IH0.T.AH0.S
scuttle,S.K.AH1.T.AH0.L
sunscreen,S.AH1.N.S.K.R.IY0.N
focus,F.OW1.K.IH0.S
locks,L.AA1.K.S
leech,L.IY1.CH
glider,G.L.AY1.D.ER0
fern,F.ER1.N
rockets,R.AA1.K.AH0.T.S
steal,S.T.IY1.L
chewing,CH.UW1.IH0.NG
farm,F.AA1.R.M
sweetheart,S.W.IY1.T.HH.AA2.R.T
say,S.EY1
make,M.EY1.K
wagons,W.AE1.G.AH0.N.Z
bringing,B.R.IH1.NG.IH0.NG
anaconda,AE2.N.AH0.K.AA1.N.D.AH0
sit,S.IH1.T
autonomy,AO2.T.AA1.N.AH0.M.IY0
sage,S.EY1.JH
search,S.ER1.CH
arrow,EH1.R.OW0
halibut,HH.AE1.L.AH0.B.AH0.T
stud,S.T.AH1.D
crowbar,K.R.OW1.B.AA2.R
wheat,HH.W.IY1.T
cub,K.AH1.B
comb,K.OW1.M
flush,F.L.AH1.SH
horses,HH.AO1.R.S.IH0.Z
peaches,P.IY1.CH.IH0.Z
turkey,T.ER1.K.IY0
frog,F.R.AA1.G
auto,AO1.T.OW0
laugh,L.AE1.F
otter,AA1.T.ER0
beaver,B.IY1.V.ER0
atune,AH2.T.Y.UW1.N
sincerely,S.IH0.N.S.IH1.R.L.IY0
persimmon,P.ER2.S.IH1.M.AH3.N
gulls,G.AH1.L.Z
award,AH0.W.AO1.R.D
bus,B.AH1.S
dustpan,D.AH2.S.T.P.AE1.N
age,EY1.JH
address,AE1.D.R.EH2.S
clap,K.L.AE1.P
puma,P.UW1.M.AH0
fiesta,F.IY0.EH1.S.T.AH0
count,K.AW1.N.T
stink,S.T.IH1.NG.K
sold,S.OW1.L.D
strip,S.T.R.IH1.P
sale,S.EY1.L
act,AE1.K.T
suspense,S.AH0.S.P.EH1.N.S
bend,B.EH1.N.D
trolly,T.R.OW1.L.IY2
racket,R.AE1.K.IH0.T
stuck,S.T.AH1.K
planer,P.L.EY1.N.ER0
allen_wrench,AE1.L.AH0.N.R.EH1.N.CH
fantastic,F.AE0.N.T.AE1.S.T.IH0.K
scrap,S.K.R.AE1.P
skiff,S.K.IH1.F
yawn,Y.AO1.N
finance,F.AY1.N.AE2.N.S
several,S.EH1.V.ER0.AH0.L
superior,S.UW0.P.IH1.R.IY0.ER0
snow,S.N.OW1
forehead,F.AO1.R.HH.EH0.D
shovel,SH.AH1.V.AH0.L
basketball,B.AE1.S.K.AH0.T.B.AO2.L
sprayer,S.P.R.EY1.ER0
sabotage,S.AE1.B.AH0.T.AA2.ZH
anteater,AE1.N.T.IY2.T.ER0
foreign,F.AA1.R.AH0.N
gibbons,G.IH1.B.IH0.N.Z
hawk,HH.AO1.K
staple,S.T.EY1.P.AH0.L
stomach,S.T.AH1.M.AH0.K
sam,S.AE1.M
such,S.AH1.CH
journey,JH.ER1.N.IY0
baby,B.EY1.B.IY0
hope,HH.OW1.P
spinach,S.P.IH1.N.AH0.CH
level,L.EH1.V.AH0.L
barge,B.AA1.R.JH
swoop,S.W.UW1.P
standing,S.T.AE1.N.D.IH0.NG
chicken,CH.IH1.K.AH0.N
paper,P.EY1.P.ER0
splinter,S.P.L.IH1.N.T.ER0
tired,T.AY1.ER0.D
sub,S.AH1.B
bananas,B.AH0.N.AE1.N.AH0.Z
rickshaw,R.IH1.K.SH.AA2.W
female,F.IY1.M.EY2.L
lima,L.IY1.M.AH0
get,G.EH1.T
lug,L.AH1.G
seem,S.IY1.M
channel,CH.AE1.N.AH0.L
vise,V.AY1.S
boats,B.OW1.T.S
side,S.AY1.D
toolbelt,T.UW1.L.B.EH1.L.T
flock,F.L.AA1.K
forgotten,F.AO0.R.G.AA1.T.AH0.N
panther,P.AE1.N.TH.ER0
gunboats,G.AH1.N.B.OW2.T.S
always,AO1.L.W.EY2.Z
almond,AA1.M.AH0.N.D
fluidometer,F.L.UW1.IH3.D.AA2.M.IH2.T.ER3
fly,F.L.AY1
screwdriver,S.K.R.UW1.D.R.AY2.V.ER0
appreciate,AH0.P.R.IY1.SH.IY0.EY2.T
walking,W.AO1.K.IH0.NG
octopus,AA1.K.T.AH0.P.UH2.S
seabass,S.IY1.B.AE2.S
eels,IY1.L.Z
strange,S.T.R.EY1.N.JH
hogs,HH.AA1.G.Z
healing,HH.IY1.L.IH0.NG
green_peas,G.R.IY1.N.P.IY1.Z
stand,S.T.AE1.N.D
shooting,SH.UW1.T.IH0.NG
coconuts,K.OW1.K.AH0.N.AH2.T.S
finely,F.AY1.N.L.IY0
anvil,AE1.N.V.AH0.L
fixing,F.IH1.K.S.IH0.NG
selling,S.EH1.L.IH0.NG
disassembling,D.IH1.S.AH3.S.EH2.M.B.L.IH2.NG
admit,AH0.D.M.IH1.T
artichoke,AA1.R.T.IH0.CH.OW2.K
sarcastic,S.AA2.R.K.AE1.S.T.IH0.K
sleep,S.L.IY1.P
sink,S.IH1.NG.K
bluebird,B.L.UW1.B.ER2.D
falling,F.AA1.L.IH0.NG
faint,F.EY1.N.T
wedge,W.EH1.JH
skating,S.K.EY1.T.IH0.NG
send,S.EH1.N.D
cast,K.AE1.S.T
tadpole,T.AE1.D.P.OW2.L
holepunch,H.OW1.L.P.AH2.N.CH
abbreviation,AH0.B.R.IY2.V.IY0.EY1.SH.AH0.N
sauerkraut,S.AW1.ER0.K.R.AW2.T
abhor,AE2.B.HH.AO1.R
quinoa,K.UW2.IY1.OW3.N.AA2
station,S.T.EY1.SH.AH0.N
arm,AA1.R.M
read,R.EH1.D
understand,AH2.N.D.ER0.S.T.AE1.N.D
wrecker,R.EH1.K.ER0
alpine,AE1.L.P.AY2.N
foible,F.OY1.B.AH0.L
foster,F.AA1.S.T.ER0
fin,F.IH1.N
secret,S.IY1.K.R.IH0.T
ferry,F.EH1.R.IY0
absolute,AE1.B.S.AH0.L.UW2.T
sessions,S.EH1.SH.AH0.N.Z
flamingo,F.L.AH0.M.IH1.NG.G.OW0
frump,F.R.AH1.M.P
sedation,S.AH0.D.EY1.SH.AH0.N
fuse,F.Y.UW1.Z
tug,T.AH1.G
peanut,P.IY1.N.AH2.T
stout,S.T.AW1.T
koala_bear,K.OW0.AA1.L.AH0.B.EH1.R
lawn,L.AO1.N
dread,D.R.EH1.D
ankle,AE1.NG.K.AH0.L
freaky,F.R.IY1.K.IY0
telephone,T.EH1.L.AH0.F.OW2.N
attribute,AE1.T.R.AH0.B.Y.UW2.T
bell_peppers,B.EH1.L.P.EH1.P.ER0.Z
hardship,HH.AA1.R.D.SH.IH0.P
scram,S.K.R.AE1.M
aloft,AH0.L.AO1.F.T
stubborn,S.T.AH1.B.ER0.N
altar,AO1.L.T.ER0
rocket,R.AA1.K.AH0.T
wait,W.EY1.T
lamb,L.AE1.M
archipelago,AA2.R.K.AH0.P.EH1.L.AH0.G.OW0
cruiser,K.R.UW1.Z.ER0
sled,S.L.EH1.D
peas,P.IY1.Z
shuffle,SH.AH1.F.AH0.L
waverunner,W.EY1.V.R.AH2.N.ER3
snuff,S.N.AH1.F
pear,P.EH1.R
tiger,T.AY1.G.ER0
silver,S.IH1.L.V.ER0
fame,F.EY1.M
scowling,S.K.AW1.L.IH0.NG
avengement,AH3.V.EH1.N.JH.M.EH2.N.T
song,S.AO1.NG
assistance,AH0.S.IH1.S.T.AH0.N.S
sound,S.AW1.N.D
cricket,K.R.IH1.K.IH0.T
skateboard,S.K.EY1.T.B.AO2.R.D
anoxia,AH2.N.AA1.X.IY2.AH3
tumble,T.AH1.M.B.AH0.L
sullen,S.AH1.L.AH0.N
have,HH.AE1.V
fleas,F.L.IY1.Z
towing,T.OW1.IH0.NG
stood,S.T.UH1.D
finder,F.AY1.N.D.ER0
slippery,S.L.IH1.P.ER0.IY0
frankly,F.R.AE1.NG.K.L.IY0
aim,EY1.M
soprano,S.AH0.P.R.AE1.N.OW0
batting,B.AE1.T.IH0.NG
foul,F.AW1.L
watermelons,W.AO1.T.ER0.M.EH2.L.AH0.N.Z
merchant,M.ER1.CH.AH0.N.T
moccasins,M.AA1.K.AH0.S.IH0.N.Z
chair,CH.EH1.R
funny,F.AH1.N.IY0
puking,P.Y.UW1.K.IH2.NG
sonar,S.OW1.N.AA0.R
waterskis,W.AA1.T.ER3.S.K.IY1.S
simply,S.IH1.M.P.L.IY0
buffer,B.AH1.F.ER0
soon,S.UW1.N
swimming,S.W.IH1.M.IH0.NG
eggplant,EH1.G.P.L.AE2.N.T
taxis,T.AE1.K.S.IY0.Z
ice,AY1.S
butterfly,B.AH1.T.ER0.F.L.AY2
fibula,F.IH1.B.Y.AH0.L.AH0
science,S.AY1.AH0.N.S
ado,AH0.D.UW1
reacher,R.IY1.CH.ER2
bore,B.AO1.R
seer,S.IY1.R
similar,S.IH1.M.AH0.L.ER0
lizards,L.IH1.Z.ER0.D.Z
rinse,R.IH1.N.S
trolley,T.R.AA1.L.IY0
sandwich,S.AE1.N.D.W.IH0.CH
android,AE1.N.D.R.OY2.D
slingshot,S.L.IH1.NG.SH.AA2.T
terrapin,T.EH1.R.AA3.P.IH2.N
submarine,S.AH2.B.M.ER0.IY1.N
slope,S.L.OW1.P
sedan,S.AH0.D.AE1.N
about,AH0.B.AW1.T
catamaran,K.AE2.T.AH0.M.ER0.AE1.N
arboretum,AA2.R.B.ER0.IY1.T.AH0.M
rowboat,R.OW1.B.OW2.T
tiller,T.IH1.L.ER0
gull,G.AH1.L
seado,S.IY1.D.UW2
cruise,K.R.UW1.Z
flunk,F.L.AH1.NG.K
begin,B.IH0.G.IH1.N
appraisal,AH0.P.R.EY1.Z.AH0.L
pic,P.IH1.K
aqua,AA1.K.W.AH0
annoyed,AH0.N.OY1.D
slumber,S.L.AH1.M.B.ER0
rasp,R.AE1.S.P
frequent,F.R.IY1.K.W.EH2.N.T
centipede,S.EH1.N.T.IH0.P.IY2.D
frisky,F.R.IH1.S.K.IY0
stare,S.T.EH1.R
termites,T.ER1.M.AY0.T.S
fiend,F.IY1.N.D
fretting,F.R.EH1.T.IH0.NG
plunger,P.L.AH1.N.JH.ER0
sneaky,S.N.IY1.K.IY0
abide,AH0.B.AY1.D
cherries,CH.EH1.R.IY0.Z
frankfurter,F.R.AE1.NG.K.F.ER0.T.ER0
choke,CH.OW1.K
snoring,S.N.AO1.R.IH0.NG
stray,S.T.R.EY1
fog,F.AO1.G
broccoli,B.R.AA1.K.AH0.L.IY0
stinky,S.T.IH1.NG.K.IY0
plowing,P.L.AW1.IH0.NG
grinder,G.R.AY1.N.D.ER0
buggies,B.AH1.G.IY0.Z
false,F.AO1.L.S
alter,AO1.L.T.ER0
brussels_sprouts,B.R.AH1.S.AH0.L.Z.S.P.R.AW1.T.S
field,F.IY1.L.D
furtive,F.ER1.T.IH0.V
calf,K.AE1.F
sea,S.IY1
activist,AE1.K.T.IH0.V.IH0.S.T
ferocious,F.ER0.OW1.SH.AH0.S
shoal,SH.OW1.L
army,AA1.R.M.IY0
scorpion,S.K.AO1.R.P.IY0.AH0.N
freak,F.R.IY1.K
helicopter,HH.EH1.L.IH0.K.AA2.P.T.ER0
pineapples,P.AY1.N.AE2.P.AH0.L.Z
ford,F.AO1.R.D
ambivalent,AE2.M.B.IH1.V.AH0.L.AH0.N.T
sport,S.P.AO1.R.T
screaming,S.K.R.IY1.M.IH0.NG
sculpt,S.K.AH1.L.P.T
all,AO1.L
skee,S.K.IY1
stone,S.T.OW1.N
shark,SH.AA1.R.K
houseboat,HH.AW1.S.B.OW2.T
mollusk,M.AA1.L.AH0.S.K
golf,G.AA1.L.F
bison,B.AY1.S.AH0.N
pushing,P.UH1.SH.IH0.NG
dive,D.AY1.V
file,F.AY1.L
drill,D.R.IH1.L
powerboat,P.AW1.ER0.B.OW2.T
seadoo,S.IY1.D.UW2
faggot,F.AE1.G.AH0.T
pressing,P.R.EH1.S.IH0.NG
pecan,P.IY1.K.AA2.N
addition,AH0.D.IH1.SH.AH0.N
butterbeans,B.AH2.T.ER3.B.IY1.N.S
tarpon,T.AA1.R.P.AH0.N
stance,S.T.AE1.N.S
whales,HH.W.EY1.L.Z
cement,S.AH0.M.EH1.N.T
sucker,S.AH1.K.ER0
racing,R.EY1.S.IH0.NG
seed,S.IY1.D
fortune,F.AO1.R.CH.UW0.N
cleaner,K.L.IY1.N.ER0
frank,F.R.AE1.NG.K
fisher,F.IH1.SH.ER0
was,W.AA1.Z
crane,K.R.EY1.N
runabouts,R.AH2.N.AH3.B.AW1.T.S
collard_greens,K.AA1.L.ER0.D.G.R.IY1.N.Z
vice,V.AY1.S
slaughter,S.L.AO1.T.ER0
actress,AE1.K.T.R.AH0.S
steeple,S.T.IY1.P.AH0.L
whale,HH.W.EY1.L
shave,SH.EY1.V
potato,P.AH0.T.EY1.T.OW0
kangaroo,K.AE2.NG.G.ER0.UW1
shop,SH.AA1.P
answer,AE1.N.S.ER0
bring,B.R.IH1.NG
frying,F.R.AY1.IH0.NG
hemostat,H.IY1.M.OW3.S.T.AE2.T
hyena,HH.AY2.IY1.N.AH0
adjective,AE1.JH.IH0.K.T.IH0.V
funding,F.AH1.N.D.IH0.NG
air,EH1.R
appliances,AH0.P.L.AY1.AH0.N.S.IH0.Z
snapper,S.N.AE1.P.ER0
future,F.Y.UW1.CH.ER0
sharpening,SH.AA1.R.P.AH0.N.IH0.NG
sunrise,S.AH1.N.R.AY2.Z
face,F.EY1.S
gazelle,G.AH0.Z.EH1.L
acid,AE1.S.AH0.D
alligators,AE1.L.AH0.G.EY2.T.ER0.Z
10,T.EH.N
oysters,OY1.S.T.ER0.Z
ache,EY1.K
turnips,T.ER1.N.AH0.P.S
clippers,K.L.IH1.P.ER0.Z
cantaloupes,K.AE1.N.T.AH0.L.OW2.P.S
hovercraft,HH.AH1.V.ER0.K.R.AE2.F.T
aha,AA2.HH.AA1
silly,S.IH1.L.IY0
arsenic,AA1.R.S.AH0.N.IH0.K
spatter,S.P.AE1.T.ER0
signature,S.IH1.G.N.AH0.CH.ER0
humvee,HH.AH1.M.V.IY2
aberrant,AE2.B.EH1.R.AH0.N.T
jump,JH.AH1.M.P
playing,P.L.EY1.IH0.NG
red_cabbage,R.EH1.D.K.AE1.B.IH0.JH
papaya,P.AH0.P.AY1.AH0
triangle,T.R.AY1.AE2.NG.G.AH0.L
affluent,AE1.F.L.UW0.AH0.N.T
crocodile,K.R.AA1.K.AH0.D.AY2.L
flap,F.L.AE1.P
fraying,F.R.EY1.IH0.NG
unite,Y.UW1.N.AY2.T
slingblade,S.L.IH1.NG.B.L.EY2.D
stammer,S.T.AE1.M.ER0
fright,F.R.AY1.T
strangle,S.T.R.AE1.NG.G.AH0.L
beetles,B.IY1.T.AH0.L.Z
stop,S.T.AA1.P
deer,D.IH1.R
english_pea,IH1.NG.L.IH0.SH.P.IY1
scope,S.K.OW1.P
ball,B.AO1.L
apricot,EY1.P.R.AH0.K.AA2.T
oyster,OY1.S.T.ER0
sleigh,S.L.EY1
awake,AH0.W.EY1.K
fodder,F.AA1.D.ER0
fob,F.AO1.B
muskie,M.AH1.S.K.IY0
acoustic,AH0.K.UW1.S.T.IH0.K
spaghetti,S.P.AH0.G.EH1.T.IY0
wheelbarrow,W.IY1.L.B.EH2.R.OW0
auditing,AA1.D.AH0.T.IH0.NG
finesse,F.IH0.N.EH1.S
snow_peas,S.N.OW1.P.IY1.Z
moth,M.AO1.TH
atop,AH0.T.AA1.P
augment,AO2.G.M.EH1.N.T
green,G.R.IY1.N
asses,AE1.S.AH0.Z
forward,F.AO1.R.W.ER0.D
fart,F.AA1.R.T
accurate,AE1.K.Y.ER0.AH0.T
anterior,AE2.N.T.IH1.R.IY0.ER0
lobster,L.AA1.B.S.T.ER0
smooth,S.M.UW1.DH
horse,HH.AO1.R.S
remote,R.IH0.M.OW1.T
slicer,S.L.AY1.S.ER0
forage,F.AO1.R.IH0.JH
across,AH0.K.R.AO1.S
soccer,S.AA1.K.ER0
accident,AE1.K.S.AH0.D.AH0.N.T
aflame,AH0.F.L.EY1.M
airboat,EH1.R.B.OW0.T
passenger,P.AE1.S.AH0.N.JH.ER0
source,S.AO1.R.S
tapping,T.AE1.P.IH0.NG
seashore,S.IY1.SH.AO2.R
arterial,AA2.R.T.IH1.R.IY0.AH0.L
ample,AE1.M.P.AH0.L
somber,S.AA1.M.B.ER0
fever,F.IY1.V.ER0
spike,S.P.AY1.K
adhering,AH0.D.HH.IH1.R.IH0.NG
wire,W.AY1.ER0
foxtrot,F.AA1.K.S.T.R.AA0.T
plums,P.L.AH1.M.Z
bear,B.EH1.R
saint,S.EY1.N.T
clasp,K.L.AE1.S.P
antelope,AE1.N.T.AH0.L.OW2.P
bake,B.EY1.K
fridge,F.R.IH1.JH
sanctification,S.AE2.NG.K.T.AH0.F.AH0.K.EY1.SH.AH0.N
leap,L.IY1.P
blinking,B.L.IH1.NG.K.IH0.NG
feat,F.IY1.T
friendship,F.R.EH1.N.SH.IH0.P
admonish,AE2.D.M.AA1.N.IH0.SH
sapling,S.AE1.P.L.IH0.NG
scape,S.K.EY1.P
hatchet,HH.AE1.CH.AH0.T
fuel,F.Y.UW1.L
fill_up,F.IH1.L.AH1.P
pressure,P.R.EH1.SH.ER0
slam,S.L.AE1.M
unicycle,Y.UW1.N.AH0.S.AY2.K.AH0.L
camels,K.AE1.M.AH0.L.Z
toad,T.OW1.D
clip,K.L.IH1.P
green_beans,G.R.IY1.N.B.IY1.N.Z
beets,B.IY1.T.S
statue,S.T.AE1.CH.UW2
door,D.AO1.R
antisocial,AE2.N.T.AY2.S.OW1.SH.AH0.L
fuck,F.AH1.K
hand,HH.AE1.N.D
minesweeper,M.AY1.N.S.W.IY2.P.ER0
scraper,S.K.R.EY1.P.ER0
added,AE1.D.IH0.D
house,HH.AW1.S
talk,T.AO1.K
shock,SH.AA1.K
steel,S.T.IY1.L
flute,F.L.UW1.T
anon,AH2.N.AA1.N
calculate,K.AE1.L.K.Y.AH0.L.EY2.T
swat,S.W.AA1.T
boring,B.AO1.R.IH0.NG
futuristic,F.Y.UW2.CH.ER0.IH1.S.T.IH0.K
surfboards,S.ER1.F.B.AO2.R.D.Z
forrest,F.AO1.R.AH0.S.T
flip,F.L.IH1.P
cut,K.AH1.T
saying,S.EY1.IH0.NG
heron,HH.EH1.R.AH0.N
smartphone,S.M.AA1.R.T. F.OW2.N.S
flying,F.L.AY1.IH0.NG
flicker,F.L.IH1.K.ER0
author,AO1.TH.ER0
saddle,S.AE1.D.AH0.L
kneel,N.IY1.L
scatter,S.K.AE1.T.ER0
banana,B.AH0.N.AE1.N.AH0
love,L.AH1.V
apostrophe,AH0.P.AA1.S.T.R.AH0.F.IY0
bit,B.IH1.T
crow,K.R.OW1
lamp,L.AE1.M.P
firm,F.ER1.M
quilting,K.W.IH1.L.T.IH0.NG
walrus,W.AO1.L.R.AH0.S
fetish,F.EH1.T.IH0.SH
argue,AA1.R.G.Y.UW0
signal,S.IH1.G.N.AH0.L
parrot,P.EH1.R.AH0.T
wander,W.AA1.N.D.ER0
father,F.AA1.DH.ER0
ask,AE1.S.K
floater,F.L.OW1.T.ER0
running,R.AH1.N.IH0.NG
mussels,M.AH1.S.AH0.L.Z
firefly,F.AY1.ER0.F.L.AY2
sockets,S.AA1.K.AH0.T.S
fabulous,F.AE1.B.Y.AH0.L.AH0.S
axle,AE1.K.S.AH0.L
swine,S.W.AY1.N
super,S.UW1.P.ER0
store,S.T.AO1.R
friend,F.R.EH1.N
sure,SH.UH1.R
going,G.OW1.IH0.NG
corvette,K.AO0.R.V.EH1.T
soda,S.OW1.D.AH0
row,R.OW1
jackal,JH.AE1.K.AH0.L
submerge,S.AH0.B.M.ER1.JH
doo,D.UW1
bell_pepper,B.EH1.L.P.EH1.P.ER0
tangelo,T.AE1.N.JH.EH3.L.OW2
slain,S.L.EY1.N
lst,EH.L.EH.S.T.IY
sample,S.AE1.M.P.AH0.L
surround,S.ER0.AW1.N.D
stapler,S.T.EY1.P.AH0.L.ER0
tuna,T.UW1.N.AH0
folks,F.OW1.K.S
destroyer,D.IH0.S.T.R.OY1.ER0
shoehorn,SH.UW1.HH.AO2.R.N
archaic,AA2.R.K.EY1.IH0.K
bream,B.R.IY1.M
tractors,T.R.AE1.K.T.ER0.Z
wheeler,W.IY1.L.ER0
anytime,EH1.N.IY0.T.AY2.M
terrier,T.EH1.R.IY0.ER0
snake,S.N.EY1.K
sway,S.W.EY1
watch,W.AA1.CH
cat,K.AE1.T
sky,S.K.AY1
serve,S.ER1.V
spice,S.P.AY1.S
sauce,S.AO1.S
friction,F.R.IH1.K.SH.AH0.N
vans,V.AE1.N.Z
touching,T.AH1.CH.IH0.NG
pelican,P.EH1.L.AH0.K.AH0.N
goats,G.OW1.T.S
asterisk,AE1.S.T.ER0.IH0.S.K
futile,F.Y.UW1.T.AH0.L
bolts,B.OW1.L.T.S
billing,B.IH1.L.IH0.NG
water_moccasin,W.AO1.T.ER0.M.AA1.K.AH0.S.IH0.N
sausage,S.AO1.S.IH0.JH
slim,S.L.IH1.M
nailgun,N.EY1.L.G.AH2.N
avocado,AE2.V.AH0.K.AA1.D.OW0
relate,R.IH0.L.EY1.T
fall,F.AA1.L
compacts,K.AH0.M.P.AE1.K.T.S
flies,F.L.AY1.Z
wood,W.UH1.D
bugs,B.AH1.G.Z
brussel_sprout,B.R.AH1.S.AH0.L.S.P.R.AW1.T
watching,W.AA1.CH.IH0.NG
gallop,G.AE1.L.AH0.P
john,JH.AA1.N
elephant,EH1.L.AH0.F.AH0.N.T
frame,F.R.EY1.M
alert,AH0.L.ER1.T
lathe,L.EY1.DH
lending,L.EH1.N.D.IH0.NG
oil,OY1.L
add,AE1.D
wrenches,R.EH1.N.CH.IH0.Z
show,SH.OW1
angst,AA1.NG.K.S.T
showering,SH.AW1.ER0.IH0.NG
communicate,K.AH0.M.Y.UW1.N.AH0.K.EY2.T
flank,F.L.AE1.NG.K
feet,F.IY1.T
chain,CH.EY1.N
apples,AE1.P.AH0.L.Z
coconut,K.OW1.K.AH0.N.AH2.T
minnow,M.IH1.N.OW0
siren,S.AY1.R.AH0.N
divider,D.IH0.V.AY1.D.ER0
slow,S.L.OW1
nose,N.OW1.Z
trucks,T.R.AH1.K.S
tanker,T.AE1.NG.K.ER0
fingers,F.IH1.NG.G.ER0.Z
acute,AH0.K.Y.UW1.T
adopted,AH0.D.AA1.P.T.AH0.D
approbation,AE2.P.R.AH0.B.EY1.SH.AH0.N
switch,S.W.IH1.CH
flaw,F.L.AO1
ducks,D.AH1.K.S
slave,S.L.EY1.V
french_fries,F.R.EH1.N.CH.F.R.AY1.Z
cargo,K.AA1.R.G.OW2
finish,F.IH1.N.IH0.SH
fiddle,F.IH1.D.AH0.L
amnesia,AE2.M.N.IY1.ZH.AH0
shadow,SH.AE1.D.OW0
formicate,F.OW2.R.M.IH3.C.EY1.T
limousine,L.IH1.M.AH0.Z.IY2.N
disagree,D.IH0.S.AH0.G.R.IY1
jack,JH.AE1.K
bat,B.AE1.T
spiders,S.P.AY1.D.ER0.Z
crabapple,K.R.AE1.B.AE2.P.L3
bathing,B.EY1.DH.IH0.NG
few,F.Y.UW1
shawl,SH.AO1.L
sake,S.EY1.K
strict,S.T.R.IH1.K.T
want,W.AA1.N.T
sunset,S.AH1.N.S.EH2.T
skis,S.K.IY1.Z
aspire,AH0.S.P.AY1.R
anyhow,EH1.N.IY0.HH.AW2
punch,P.AH1.N.CH
safety_net,S.EY1.F.T.IY0.N.EH1.T
rhubarb,R.UW1.B.AA2.R.B
paramecium,P.EH2.R.AH0.M.IY1.S.IY0.AH0.M
solid,S.AA1.L.AH0.D
somersaulting,S.AH1.M.ER0.S.AO2.L.T.IH0.NG
fast,F.AE1.S.T
trip,T.R.IH1.P
move,M.UW1.V
airship,EH1.R.SH.IH2.P
fusion,F.Y.UW1.ZH.AH0.N
associate,AH0.S.OW1.SH.IY0.EY2.T
toads,T.OW1.D.Z
fork,F.AO1.R.K
stupid,S.T.UW1.P.IH0.D
altogether,AO2.L.T.AH0.G.EH1.DH.ER0
felicity,F.IH0.L.IH1.S.AH0.T.IY0
terrain,T.ER0.EY1.N
freedom,F.R.IY1.D.AH0.M
fifteen,F.IH1.F.T.IY1.N
amoeba,AH0.M.IY1.B.AH0
sump,S.AH1.M.P
shower,SH.AW1.ER0
saturate,S.AE1.CH.ER0.EY2.T
flourish,F.L.ER1.IH0.SH
assortment,AH0.S.AO1.R.T.M.AH0.N.T
mosquito,M.AH0.S.K.IY1.T.OW0
complain,K.AH0.M.P.L.EY1.N
dress,D.R.EH1.S
time,T.AY1.M
wagon,W.AE1.G.AH0.N
archway,AA1.R.CH.W.EY2
red_snapper,R.EH1.D.S.N.AE1.P.ER0
affordable,AH0.F.AO1.R.D.AH0.B.AH0.L
seahorse,S.IY1.HH.OW2.R.S
smash,S.M.AE1.SH
substitute,S.AH1.B.S.T.AH0.T.UW2.T
significant,S.IH0.G.N.IH1.F.IH0.K.AH0.N.T
tractor,T.R.AE1.K.T.ER0
mussel,M.AH1.S.AH0.L
flog,F.L.AA1.G
account,AH0.K.AW1.N.T
arithmetic,EH2.R.IH0.TH.M.EH1.T.IH0.K
sunshine,S.AH1.N.SH.AY2.N
selfish,S.EH1.L.F.IH0.SH
hydrofoil,HH.AY1.D.R.AH0.F.OY2.L
align,AH0.L.AY1.N
point,P.OY1.N.T
aghast,AH0.G.AE1.S.T
worm,W.ER1.M
pinto_beans,P.IH1.N.T.OW2.B.IY1.N.Z
eagle,IY1.G.AH0.L
slot,S.L.AA1.T
were,W.ER0
fringe,F.R.IH1.N.JH
dolphin,D.AA1.L.F.AH0.N
stranded,S.T.R.AE1.N.D.IH0.D
shall,SH.AE1.L
firehose,F.AY1.R.H.OW2.Z
anorexia,AE2.N.ER0.EH1.K.S.IY0.AH0
swollen,S.W.OW1.L.AH0.N
terminal,T.ER1.M.AH0.N.AH0.L
ailing,EY1.L.IH0.NG
polar_bear,P.OW1.L.ER0.B.EH1.R
anonymous,AH0.N.AA1.N.AH0.M.AH0.S
angelic,AE2.N.JH.EH1.L.IH0.K
ambush,AE1.M.B.UH2.SH
crappie,K.R.AE1.P.IY2
sag,S.AE1.G
fidgeting,F.IH1.JH.AH0.T.IH0.NG
listen,L.IH1.S.AH0.N
fluid,F.L.UW1.IH0.D
jaunt,JH.AO1.N.T
cantaloup,K.AE1.N.T.EH3.L.OW2.P
fad,F.AE1.D
shuck,SH.AH1.K
screws,S.K.R.UW1.Z
nuts,N.AH1.T.S
fair,F.EH1.R
state,S.T.EY1.T
computer,K.AH0.M.P.Y.UW1.T.ER0
fan,F.AE1.N
canoe,K.AH0.N.UW1
segway,S.EH1.G.W.EY2
fussy,F.AH1.S.IY0
lower,L.OW1.ER0
kidney_bean,K.IH1.D.N.IY0.B.IY1.N
scissor,S.IH1.Z.ER0
wolf,W.UH1.L.F
prybar,P.R.AY1.B.AA2.R
stretcher,S.T.R.EH1.CH.ER0
hurt,HH.ER1.T
beet,B.IY1.T
first,F.ER1.S.T
angel,EY1.N.JH.AH0.L
sniff,S.N.IH1.F
be,B.IY1
acting,AE1.K.T.IH0.NG
although,AO2.L.DH.OW1
record,R.AH0.K.AO1.R.D
possum,P.AA1.S.AH0.M
arrogance,EH1.R.AH0.G.AH0.N.S
dip,D.IH1.P
axiom,AE1.K.S.IY0.AH0.M
four,F.AO1.R
burning,B.ER1.N.IH0.NG
surrender,S.ER0.EH1.N.D.ER0
distribute,D.IH0.S.T.R.IH1.B.Y.UW0.T
marlin,M.AA1.R.L.AH0.N
filth,F.IH1.L.TH
sweeper,S.W.IY1.P.ER0
simple,S.IH1.M.P.AH0.L
skipping,S.K.IH1.P.IH0.NG
thinks,TH.IH1.NG.K.S
serpent,S.ER1.P.AH0.N.T
ash,AE1.SH
sowing,S.OW1.IH0.NG
automobile,AO2.T.AH0.M.OW0.B.IY1.L
stallion,S.T.AE1.L.Y.AH0.N
string_bean,S.T.R.IH1.NG.B.IY1.N
skunk,S.K.AH1.NG.K
wipe,W.AY1.P
staplegun,S.T.EY1.P.L.G.AH2.N
pleasure,P.L.EH1.ZH.ER0
accustomed,AH0.K.AH1.S.T.AH0.M.D
files,F.AY1.L.Z
buses,B.AH1.S.IH0.Z
raft,R.AE1.F.T
furthermore,F.ER1.DH.ER0.M.AO2.R
appalling,AH0.P.AO1.L.IH0.NG
dash,D.AE1.SH
marmot,M.AA1.R.M.AA2.N.T
smite,S.M.AY1.T
motors,M.OW1.T.ER0.Z
alimentary,AE2.L.AH0.M.EH1.N.T.ER0.IY0
shorts,SH.AO1.R.T.S
knife,N.AY1.F
mop,M.AA1.P
flagrant,F.L.EY1.G.R.AH0.N.T
field_peas,F.IY1.L.D.P.IY1.Z
s,EH1.S
accordion,AH0.K.AO1.R.D.IY0.AH0.N
pliers,P.L.AY1.ER0.Z
sewing_machine,S.OW1.IH0.NG.M.AH0.SH.IY1.N
size,S.AY1.Z
sable,S.EY1.B.AH0.L
sweet_peas,S.W.IY1.T.P.IY1.Z
thimble,TH.IH1.M.B.AH0.L
auger,AO1.G.ER0
tasting,T.EY1.S.T.IH0.NG
bowing,B.OW1.IH0.NG
simpleton,S.IH1.M.P.L.T.AH2.N
penguin,P.EH1.NG.G.W.AH0.N
radishes,R.AE1.D.IH0.SH.IH0.Z
seventeen,S.EH2.V.AH0.N.T.IY1.N
biplane,B.AY1.P.L.EY2.N
flowery,F.L.AW1.ER0.IY0
gerbil,JH.ER1.B.IH2.L
smoke,S.M.OW1.K
yell,Y.EH1.L
pillbug,P.IH1.L.B.AH2.G
slimy,S.L.AY1.M.IY0
hate,HH.EY1.T
allude,AH0.L.UW1.D
suppose,S.AH0.P.OW1.Z
coupe,K.UW1.P
bike,B.AY1.K
skirt,S.K.ER1.T
again,AH0.G.EY1.N
amen,AA2.M.EH1.N
sedative,S.EH1.D.AH0.T.IH0.V
fist,F.IH1.S.T
parakeet,P.EH1.R.AH0.K.IY2.T
vacuum,V.AE1.K.Y.UW0.M
stair,S.T.EH1.R
foliage,F.OW1.L.IY0.IH0.JH
square,S.K.W.EH1.R
typing,T.AY1.P.IH0.NG
analogous,AH0.N.AE1.L.AH0.G.AH0.S
standard,S.T.AE1.N.D.ER0.D
plow,P.L.AW1
boil,B.OY1.L
router,R.UW1.T.ER0
aware,AH0.W.EH1.R
sympathize,S.IH1.M.P.AH0.TH.AY2.Z
guppie,G.AH2.P.IY1
slender,S.L.EH1.N.D.ER0
wildebeest,W.IH2.L.D.EH3.B.IY1.S.T
black-eyed_peas,B.L.AE1.K.AY1.D.P.IY1.Z.P.IY1.Z
fornicate,F.OW2.R.N.IH3.C.EY1.T
jellyfish,JH.EH1.L.IY0.F.IH2.SH
strung,S.T.R.AH1.NG
grasping,G.R.AE1.S.P.IH0.NG
sew,S.OW1
flashlight,F.L.AE1.SH.L.AY2.T
nectarine,N.EH1.K.T.AA2.R.IY1.N
flag,F.L.AE1.G
flight,F.L.AY1.T
avalanche,AE1.V.AH0.L.AE2.N.CH
felt,F.EH1.L.T
stopping,S.T.AA1.P.IH0.NG
cherry,CH.EH1.R.IY0
catching,K.AE1.CH.IH0.NG
bird,B.ER1.D
pears,P.EH1.R.Z
flat,F.L.AE1.T
soup,S.UW1.P
burn,B.ER1.N
suffer,S.AH1.F.ER0
formal,F.AO1.R.M.AH0.L
police,P.AH0.L.IY1.S
fie,F.AY1
cigarette,S.IH2.G.ER0.EH1.T
salami,S.AH0.L.AA1.M.IY0
spatula,S.P.AE1.CH.UH0.L.AH0
something,S.AH1.M.TH.IH0.NG
needle,N.IY1.D.AH0.L
fax,F.AE1.K.S
swingblade,S.W.IH1.NG.B.L.EY1.D
fat,F.AE1.T
avoid,AH0.V.OY1.D
opening,OW1.P.AH0.N.IH0.NG
do,D.UW1
strong,S.T.R.AO1.NG
run,R.AH1.N
flea,F.L.IY1
greet,G.R.IY1.T
bicycle,B.AY1.S.IH0.K.AH0.L
appeal,AH0.P.IY1.L
slime,S.L.AY1.M
fours,F.AO1.R.Z
pogo,P.OW1.G.OW2
alibi,AE1.L.AH0.B.AY2
screwing,S.K.R.UW1.IH0.NG
apron,EY1.P.R.AH0.N
frigate,F.R.IH1.G.AH0.T
fifth,F.IH1.F.TH
frying_pan,F.R.AY1.IH0.NG.P.AE1.N
salad,S.AE1.L.AH0.D
afternoon,AE2.F.T.ER0.N.UW1.N
shot,SH.AA1.T
seeing,S.IY1.IH0.NG
sack,S.AE1.K
gnu,N.UW1
transport,T.R.AE0.N.S.P.AO1.R.T
wrench,R.EH1.N.CH
orange,AO1.R.IH0.N.JH
cruiseliner,K.R.UW1.Z.L.AY2.N.ER3
raspberry,R.AE1.Z.B.EH2.R.IY0
sank,S.AE1.NG.K
subtract,S.AH0.B.T.R.AE1.K.T
escalator,EH1.S.K.AH0.L.EY2.T.ER0
motor,M.OW1.T.ER0
ark,AA1.R.K
ladybug,L.EY1.D.IY0.B.AH2.G
up,AH1.P
scrub,S.K.R.AH1.B
start,S.T.AA1.R.T
formaldehyde,F.ER0.M.AE1.L.D.AH0.HH.AY2.D
crawl,K.R.AO1.L
ascot,AE1.S.K.AA2.T
barnacle,B.AA1.R.N.AH0.K.AH0.L
bulldozer,B.UH1.L.D.OW2.Z.ER0
navy,N.EY1.V.IY0
finding,F.AY1.N.D.IH0.NG
sung,S.AH1.NG
sue,S.UW1
fertilize,F.ER1.T.AH0.L.AY2.Z
scrambling,S.K.R.AE1.M.B.AH0.L.IH0.NG
hummer,HH.AH1.M.ER0
swallowing,S.W.AA1.L.OW0.IH0.NG
slang,S.L.AE1.NG
animosity,AE2.N.AH0.M.AA1.S.AH0.T.IY0
done,D.AH1.N
fortunate,F.AO1.R.CH.UW0.N.AH0.T
minnows,M.IH1.N.OW0.Z
sorority,S.ER0.AO1.R.AH0.T.IY0
kickboard,K.IH1.K.B.OW2.R.D
staplers,S.T.EY1.P.AH0.L.ER0.Z
stork,S.T.AO1.R.K
oilers,OY1.L.ER0.Z
fridgerator,F.R.IH1.D.JH.ER2.EY1.T.OW2.R
striker,S.T.R.AY1.K.ER0
worms,W.ER1.M.Z
sledge,S.L.EH1.JH
coyote,K.AY2.OW1.T.IY0
fortitude,F.AO1.R.T.IH0.T.UW2.D
sinus,S.AY1.N.AH0.S
appliance,AH0.P.L.AY1.AH0.N.S
shuttle,SH.AH1.T.AH0.L
straw,S.T.R.AO1
same,S.EY1.M
sickle,S.IH1.K.AH0.L
far,F.AA1.R
go,G.OW1
spin,S.P.IH1.N
sympathetic,S.IH2.M.P.AH0.TH.EH1.T.IH0.K
fuzzy,F.AH1.Z.IY0
awl,AA1.W.L
soak,S.OW1.K
fixture,F.IH1.K.S.CH.ER0
fudge,F.AH1.JH
airplane,EH1.R.P.L.EY2.N
finally,F.AY1.N.AH0.L.IY0
semblance,S.EH1.M.B.L.AH0.N.S
pineapple,P.AY1.N.AE2.P.AH0.L
scream,S.K.R.IY1.M
fragile,F.R.AE1.JH.AH0.L
stepping,S.T.EH1.P.IH0.NG
matches,M.AE1.CH.AH0.Z
kiss,K.IH1.S
balloon,B.AH0.L.UW1.N
blackbird,B.L.AE1.K.B.ER0.D
car,K.AA1.R
floss,F.L.AA1.S
siteseeing,S.AY1.T.S.IY2.NG
sleepy,S.L.IY1.P.IY0
salt,S.AO1.L.T
around,ER0.AW1.N
sailor,S.EY1.L.ER0
hoe,HH.OW1
come,K.AH1.M
flee,F.L.IY1
aggravate,AE1.G.R.AH0.V.EY2.T
dolphins,D.AA1.L.F.AH0.N.Z
serious,S.IH1.R.IY0.AH0.S
froth,F.R.AO1.TH
deleting,D.IH0.L.IY1.T.IH0.NG
recite,R.AH0.S.AY1.T
flax,F.L.AE1.K.S
angle,AE1.NG.G.AH0.L
egg,EH1.G
aside,AH0.S.AY1.D
fire,F.AY1.R
furrow,F.ER1.OW0
solitary,S.AA1.L.AH0.T.EH2.R.IY0
plankton,P.L.AE1.NG.K.T.AH0.N
adventure,AE2.D.V.EH1.N.CH.ER0
flood,F.L.AH1.D
cabbage,K.AE1.B.IH0.JH
sinking,S.IH1.NG.K.IH0.NG
separate,S.EH1.P.ER0.EY2.T
femur,F.IY1.M.ER0
fawn,F.AO1.N
mountain_lion,M.AW1.N.T.AH0.N.L.AY1.AH0.N
shoving,SH.AH1.V.IH0.NG
sad,S.AE1.D
changing,CH.EY1.N.JH.IH0.NG
peep,P.IY1.P
blinding,B.L.AY1.N.D.IH0.NG
wildcat,W.AY1.L.D.K.AE2.T
spend,S.P.EH1.N.D
tapper,T.AE1.P.ER0
butter_beans,B.AH1.T.ER0.B.IY1.N.Z
ride,R.AY1.D
personnel,P.ER2.S.AH0.N.EH1.L
reserving,R.IH0.Z.ER1.V.IH0.NG
apartment,AH0.P.AA1.R.T.M.AH0.N.T
hide,HH.AY1.D
freighter,F.R.EY1.T.ER0
lick,L.IH1.K
canoes,K.AH0.N.UW1.Z
flounder,F.L.AW1.N.D.ER0
asphalt,AE1.S.F.AO2.L.T
limes,L.AY1.M.Z
coral,K.AO1.R.AH0.L
sour,S.AW1.ER0
full,F.UH1.L
view,V.Y.UW1
accentuate,AE2.K.S.EH1.N.CH.UW0.EY2.T
shove,SH.AH1.V
streetcar,S.T.R.IY1.T.K.AA2.R
snooze,S.N.UW1.Z
begging,B.EH1.G.IH0.NG
sent,S.EH1.N.T
shy,SH.AY1
throw,TH.R.OW1
anticipate,AE2.N.T.IH1.S.AH0.P.EY2.T
kitten,K.IH1.T.AH0.N
solution,S.AH0.L.UW1.SH.AH0.N
signify,S.IH1.G.N.AH0.F.AY2
cockatoo,K.AA1.K.AH0.T.UW2
fill,F.IH1.L
aquarium,AH0.K.W.EH1.R.IY0.AH0.M
approximate,AH0.P.R.AA1.K.S.AH0.M.EY2.T
festival,F.EH1.S.T.IH0.V.AH0.L
tilapia,T.AH2.L.AE1.P.IY2.AA3
drinking,D.R.IH1.NG.K.IH0.NG
cabin,K.AE1.B.AH0.N
mouse,M.AW1.S
eater,IY1.T.ER0
watercraft,W.AA1.T.ER3.K.R.AE2.F.T
beetle,B.IY1.T.AH0.L
eating,IY1.T.IH0.NG
bluegill,B.L.UW1.G.IH2.L
flipper,F.L.IH1.P.ER0
guava,G.W.AA1.V.AH0
score,S.K.AO1.R
gauge,G.EY1.JH
air_force,EH1.R.F.AO0.R.S
laying,L.EY1.IH0.NG
elephants,EH1.L.AH0.F.AH0.N.T.S
gooseberry,G.UW1.S.B.EH2.R.IY0
resting,R.EH1.S.T.IH0.NG
sword,S.AO1.R.D
bail,B.EY1.L
any,EH1.N.IY0
substance,S.AH1.B.S.T.AH0.N.S
food,F.UW1.D
scallop,S.K.AE1.L.AH0.P
printer,P.R.IH1.N.T.ER0
pt,P.IY.T.IY
think,TH.IH1.NG.K
highlighter,H.AY1.L.AY2.T.E.R3
feeble,F.IY1.B.AH0.L
kayak,K.AY1.AE0.K
fresco,F.R.EH1.S.K.OW0
fur,F.ER1
mullet,M.AH1.L.AH0.T
sheet,SH.IY1.T
raisin,R.EY1.Z.IH0.N
smile,S.M.AY1.L
shore,SH.AO1.R
shake,SH.EY1.K
raisins,R.EY1.Z.AH0.N.Z
grapes,G.R.EY1.P.S
cougar,K.UW1.G.ER0
kingfisher,K.IH1.NG.F.IH2.SH.ER0
caterpillar,K.AE1.T.ER0.P.IH2.L.ER0
article,AA1.R.T.IH0.K.AH0.L
suspect,S.AH1.S.P.EH2.K.T
chairlift,CH.EY1.R.L.IH2.F.T
sudden,S.AH1.D.AH0.N
symbol,S.IH1.M.B.AH0.L
found,F.AW1.N.D
facility,F.AH0.S.IH1.L.IH0.T.IY0
drilling,D.R.IH1.L.IH0.NG
asp,AE1.S.P
fuss,F.AH1.S
skill,S.K.IH1.L
manta_ray,M.AE1.N.T.AH0.R.EY1
opossum,OW0.P.AA1.S.AH0.M
color,K.AH1.L.ER0
platypus,P.L.AE1.T.AH0.P.UH2.S
wrestling,R.EH1.S.L.IH0.NG
collard,K.AA1.L.ER0.D
knitting,N.IH1.T.IH0.NG
sleek,S.L.IY1.K
fumigate,F.Y.UW1.M.AH0.G.EY2.T
baboon,B.AH0.B.UW1.N
war,W.AO1.R
shallow,SH.AE1.L.OW0
anchor,AE1.NG.K.ER0
foremost,F.AO1.R.M.OW2.S.T
ratchets,R.AE1.T.CH.EH2.T.S
take,T.EY1.K
sturgeon,S.T.ER1.JH.AH0.N
mink,M.IH1.NG.K
tadpoles,T.AE1.D.P.OW2.L.Z
flipping,F.L.IH1.P.IH0.NG
bull,B.UH1.L
blueberries,B.L.UW1.B.EH2.R.IY0.Z
climb,K.L.AY1.M
clean,K.L.IY1.N
pace,P.EY1.S
scallops,S.K.AE1.L.AH0.P.S
fallible,F.AE1.L.AH0.B.AH0.L
antagonist,AE2.N.T.AE1.G.AH0.N.AH0.S.T
line,L.AY1.N
fresh,F.R.EH1.SH
bumping,B.AH1.M.P.IH0.NG
sorry,S.AA1.R.IY0
seam,S.IY1.M
fissure,F.IH1.SH.ER0
bounce,B.AW1.N.S
help,HH.EH1.L.P
maul,M.AO1.L
fender,F.EH1.N.D.ER0
measuring,M.EH1.ZH.ER0.IH0.NG
lemons,L.EH1.M.AH0.N.Z
foosball,F.UH1.Z.B.AA2.L
flirt,F.L.ER1.T
segment,S.EH2.G.M.EH1.N.T
solitaire,S.AA2.L.AH0.T.EH1.R
beans,B.IY1.N.Z
affirm,AH0.F.ER1.M
yorkie,Y.OW1.R.K.IY2
socks,S.AA1.K.S
giraffe,JH.ER0.AE1.F
water,W.AO1.T.ER0
squash,S.K.W.AA1.SH
foil,F.OY1.L
sideway,S.IY1.D.W.EY2
onion,AH1.N.Y.AH0.N
tape,T.EY1.P
liner,L.AY1.N.ER0
crawling,K.R.AO1.L.IH0.NG
gripper,G.R.IH1.P.ER2
turn,T.ER1.N
acrobat,AE1.K.R.AH0.B.AE2.T
waterski,W.AA1.T.ER3.S.K.IY2
butter_bean,B.AH1.T.ER0.B.IY1.N
fit,F.IH1.T
go-cart,G.OW1.K.AA2.R.T
hold,HH.OW1.L.D
float,F.L.OW1.T
lifting,L.IH1.F.T.IH0.NG
ammunition,AE2.M.Y.AH0.N.IH1.SH.AH0.N
fact,F.AE1.K
fail,F.EY1.L
holding,HH.OW1.L.D.IH0.NG
sense,S.EH1.N.S
savior,S.EY1.V.Y.ER0
southern,S.AH1.DH.ER0.N
stingray,S.T.IH1.NG.R.EY2
fro,F.R.OW1
debate,D.AH0.B.EY1.T
sensitive,S.EH1.N.S.IH0.T.IH0.V
cats,K.AE1.T.S
whisper,W.IH1.S.P.ER0
approach,AH0.P.R.OW1.CH
jogging,JH.AA1.G.IH0.NG
shirt,SH.ER1.T
turning,T.ER1.N.IH0.NG
sly,S.L.AY1
freight,F.R.EY1.T
shingle,SH.IH1.NG.G.AH0.L
wasps,W.AA1.S.P.S
dumptruck,D.AH1.M.P.T.R.AH2.K
truck,T.R.AH1.K
bee,B.IY1
cutter,K.AH1.T.ER0
allow,AH0.L.AW1
talking,T.AO1.K.IH0.NG
anthropology,AE2.N.TH.R.AH0.P.AA1.L.AH0.JH.IY0
birds,B.ER1.D.Z
trembling,T.R.EH1.M.B.AH0.L.IH0.NG
training,T.R.EY1.N.IH0.NG
solitude,S.AA1.L.AH0.T.UW2.D
fry,F.R.AY1
pigeon,P.IH1.JH.IH0.N
another,AH0.N.AH1.DH.ER0
leopard,L.EH1.P.ER0.D
secure,S.IH0.K.Y.UH1.R
servant,S.ER1.V.AH0.N.T
stamp,S.T.AE1.M.P
abject,AE1.B.JH.EH2.K.T
clamp,K.L.AE1.M.P
safety,S.EY1.F.T.IY0
turtles,T.ER1.T.AH0.L.Z
antler,AE1.N.T.L.ER0
chihuahua,CH.IY2.W.AA1.W.AH0
save,S.EY1.V
ox,AA1.K.S
hydroplane,H.AY1.D.R.OW3.P.L.EY2.N
shine,SH.AY1.N
flick,F.L.IH1.K
fellow,F.EH1.L.OW0
antique,AE2.N.T.IY1.K
feign,F.EY1.N
spray,S.P.R.EY1
cart,K.AA1.R.T
steam,S.T.IY1.M
trowel,T.R.AW1.W.EH0.L
mushrooms,M.AH1.SH.R.UW0.M.Z
aggravated,AE1.G.R.AH0.V.EY2.T.IH0.D
craft,K.R.AE1.F.T
altitude,AE1.L.T.AH0.T.UW2.D
ape,EY1.P
speaking,S.P.IY1.K.IH0.NG
vicegrip,V.AY1.S.G.R.IH2.P
able,EY1.B.AH0.L
academic,AE2.K.AH0.D.EH1.M.IH0.K
spell,S.P.EH1.L
swiffer,S.W.IH1.F.ER2
serpents,S.ER1.P.AH0.N.T.S
sieze,S.IY1.Z
porcupine,P.AO1.R.K.Y.AH0.P.AY2.N
ambidextrous,AE2.M.B.IH0.D.EH1.K.S.T.R.AH0.S
breathe,B.R.IY1.DH
collie,K.AA1.L.IY0
fiscal,F.IH1.S.K.AH0.L
bottom,B.AA1.T.AH0.M
radial,R.EY1.D.IY0.AH0.L
cashew,K.AE1.SH.UW2
sweet_potato,S.W.IY1.T.P.AH0.T.EY2.T.OW0
black_eyed_pea,B.L.AE1.K.AY1.D.P.IY1
grapefruit,G.R.EY1.P.F.R.UW2.T
turtle,T.ER1.T.AH0.L
sat,S.AE1.T
froze,F.R.OW1.Z
savory,S.EY1.V.ER0.IY0
shampoo,SH.AE2.M.P.UW1
slither,S.L.IH1.DH.ER0
walker,W.AO1.K.ER0
camel,K.AE1.M.AH0.L
silt,S.IH1.L.T
sign,S.AY1.N
fondue,F.AA1.N.D.UW2
fourth,F.AO1.R.TH
canary,K.AH0.N.EH1.R.IY0
adjudicate,AH0.JH.UW1.D.IH0.K.EY2.T
catch,K.AE1.CH
metal,M.EH1.T.AH0.L
flume,F.L.UW1.M
hose,HH.OW1.Z
protozoa,P.R.OW2.T.AH0.Z.OW1.AH0
preen,P.R.IY1.N
hamster,HH.AE1.M.S.T.ER0
yardstick,Y.AA1.R.D.S.T.IH2.K
perch,P.ER1.CH
tank,T.AE1.NG.K
zucchini,Z.UW0.K.IY1.N.IY0
atone,AH0.T.OW1.N
spit,S.P.IH1.T
rat,R.AE1.T
small,S.M.AO1.L
broom,B.R.UW1.M
filter,F.IH1.L.T.ER0
jackhammer,JH.AE1.K.HH.AE2.M.ER0
attract,AH0.T.R.AE1.K.T
hug,HH.AH1.G
sailboat,S.EY1.L.B.OW2.T
accuse,AH0.K.Y.UW1.Z
blower,B.L.OW1.ER0
trout,T.R.AW1.T
supper,S.AH1.P.ER0
second,S.EH1.K.AH0.N
geese,G.IY1.S
grips,G.R.IH1.P.S
hitting,HH.IH1.T.IH0.NG
crustaceans,K.R.AH0.S.T.EY1.SH.AH0.N.Z
lettuce,L.EH1.T.AH0.S
mower,M.OW1.ER0
cantaloupe,K.AE1.N.T.AH0.L.OW2.P
adore,AH0.D.AO1.R
warthog,W.AA1.R.T.H.AA2.G
association,AH0.S.OW2.SH.IY0.EY1.SH.AH0.N
ferrel,F.EH0.R.EH1.L
killer_whale,K.IH1.L.ER0.HH.W.EY1.L
towel,T.AW1.AH0.L
feed,F.IY1.D
draw,D.R.AO1
brush,B.R.AH1.SH
kissing,K.IH1.S.IH0.NG
fang,F.AE1.NG
artist,AA1.R.T.IH0.S.T
goose,G.UW1.S
seance,S.EY1.AA2.N.S
