ferret,F.EH1.R.AH0.T
foal,F.OW1.L
offend,AH0.F.EH1.N.D
fight,F.AY1.T
snuggle,S.N.AH1.G.AH0.L
scone,S.K.OW1.N
corns,K.AO1.R.N.Z
favor,F.EY1.V.ER0
gophers,G.OW1.F.ER0.Z
star,S.T.AA1.R
furry,F.ER1.IY0
someway,S.AH1.M.W.EY0
sundry,S.AH1.N.D.R.IY0
sugar,SH.UH1.G.ER0
symbiotic,S.IH2.M.B.IY0.AA1.T.IH0.K
schnauzers,SH.N.AW1.Z.ER0.Z
amplitude,AE1.M.P.L.AH0T.Y.UW2.D
foibles,F.OY1.B.AH0.L.Z
announcement,AH0.N.AW1.N.S.M.EH2.N.T
stress,S.T.R.EH1.S
sunfish,S.AH1.N.F.IH2.SH
gernic,JH.ER1.N.IH0.K
soggy,S.AA1.G.IY0
simulate,S.IH1.M.Y.AH0.L.EY2.T
alias,EY1.L.IY0.AH0.S
absolution,AE2.B.S.AH0.L.UW1.SH.AH0.N
fun,F.AH1.N
afore,AH0.F.OW1.R
badgers,B.AE1.JH.ER0.Z
fertile,F.ER0.T.AY1.L
fountain,F.AW1.N.T.AH0.N
solemn,S.AA1.L.AH0.M
farce,F.AA1.R.S
artichokes,AA1.R.T.IH0.CH.OW2.K.S
fush,F.AH1.SH
frogs,F.R.AA1.G.Z
plantain,P.L.AE1.N.T.AH0.N
silk,S.IH1.L.K
napa_cabbage,N.AE1.P.AH0.K.AE1.B.IH0.JH
seltzer,S.EH1.L.T.S.ER0
fore,F.AO1.R
shook,SH.UH1.K
a,EY1
sanctimonious,S.AE2.NG.K.T.AH0.M.OW1.N.IY0.AH0.S
advice,AE2.D.V.AY1.S
sanity,S.AE1.N.AH0.T.IY0
appoints,AH0.P.OY1.N.T.S
sliver,S.L.IH1.V.ER0
nut,N.AH1.T
gerbils,JH.ER1.B.AH0.L.Z
fishing,F.IH1.SH.IH0.NG
parsley,P.AA1.R.S.L.IY0
oxen,AA1.K.S.AH0.N
animate,AE1.N.AH0.M.EY2.T
suds,S.AH1.D.Z
sophisticate,S.AH0.F.IH1.S.T.AH0.K.EY2.T
rutabagas,R.UW1.T.AH0.B.EY0.G.AH0.Z
zebra,Z.IY1.B.R.AH0
dodo_bird,D.OW1.D.OW0.B.ER1.D
sever,S.EH1.V.ER0
frigid,F.R.IH1.JH.AH0.D
cheese,CH.IY1.Z
lady_bug,L.EY1.D.IY0.B.AH1.G
art,AA1.R.T
sonorous,S.AA1.N.ER0.AH0.S
groundhog,G.R.AW1.N.D.HH.AA2.G
frizzy,F.R.IH1.Z.IY0
fabric,F.AE1.B.R.IH0.K
free,F.R.IY1
annotate,AE1.N.AH0.T.EY2.T
robin,R.AA1.B.IH0.N
alien,EY1.L.IY0.AH0.N
airhead,EH1.R.HH.EH2.D
mini_bulldog,M.IH1.N.IY0.B.UH1.L.D.AO2.G
colt,K.OW1.L.T
otters,AA1.T.ER0.Z
spoon,S.P.UW1.N
amphibians,AE0.M.F.IH1.B.IY0.AH0.N.Z
ahoy,AH0.HH.OY1
soften,S.AO1.F.AH0.N
pony,P.OW1.N.IY0
chipmunk,CH.IH2.P.M.AH1.NG.K
flattery,F.L.AE1.T.ER0.IY0
gecko,G.EH1.K.OW0
fungus,F.AH1.NG.G.AH0.S
filly,F.IH1.L.IY0
affirmation,AE2.F.ER0.M.EY1.SH.AH0.N
fellows,F.EH1.L.OW0.Z
fish,F.IH1.SH
afferent,AE1.F.ER0.AH0.N.T
collards,K.AA1.L.ER0.D.Z
allegory,AE1.L.AH0.G.AO2.R.IY0
flummox,F.L.AH0.M.AO1.K.S
strategy,S.T.R.AE1.T.AH0.JH.IY0
chicory,CH.IH1.K.ER0.IY0
goat,G.OW1.T
sear,S.IH1.R
schnauzer,SH.N.AW1.Z.ER0
agile,AE1.JH.AH0.L
plain_buffalo,P.L.EY1.N.B.AH1.F.AH0.L.OW2
burro,B.ER1.OW0
flu,F.L.UW1
sexual,S.EH1.K.SH.UW0.AH0.L
statute,S.T.AE1.CH.UW0.T
servers,S.ER1.V.ER0.Z
sequence,S.IY1.K.W.AH0.N.S
artery,AA1.R.T.ER0.IY0
green_bell_peppers,G.R.IY1.N.B.EH1.L.P.EH1.P.ER0.Z
fancy,F.AE1.N.S.IY0
butternut_squash,B.AH1.T.ER0.N.AH0.T.S.K.W.AA1.SH.S.K.W.AA1.SH
frivolous,F.R.IH1.V.AH0.L.AH0.S
season,S.IY1.Z.AH0.N
assemble,AH0.S.EH1.M.B.AH0.L
appreciation,AH0.P.R.IY2.SH.IY0.EY1.SH.AH0.N
slush,S.L.AH1.SH
flint,F.L.IH1.N.T
cereal,S.IH1.R.IY0.AH0.L
swiss_chard,S.W.IH1.S.CH.AA1.R.D
cockroach,K.AA1.K.R.OW2.CH
crab,K.R.AE1.B
black_bear,B.L.AE1.K.B.EH1.R
anniston,AE1.N.IH0.S.T.AH0.N
kittens,K.IH1.T.AH0.N.Z
almost,AO1.L.M.OW2.S.T
fellowship,F.EH1.L.OW0.SH.IH2.P
sim,S.IH1.M
agriculture,AE1.G.R.IH0.K.AH2.L.CH.ER0
garlic,G.AA1.R.L.IH0.K
chinese_mustard,CH.AY0.N.IY1.Z.M.AH1.S.T.ER0.D
sibilate,S.IH1.B.AH0.L.AH0.T
freefloating,F.R.IY1.F.L.OW2.T.IH0.NG
advance,AH0.D.V.AE1.N.S
aggregate,AE1.G.R.AH0.G.EY2.T
alleve,AH0.L.IY1.V
shoelace,SH.UW1.L.EY2.S
stern,S.T.ER1.N
bulldog,B.UH1.L.D.AO2.G
secular,S.EH1.K.Y.AH0.L.ER0
fumble,F.AH1.M.B.AH0.L
beef,B.IY1.F
canine,K.EY1.N.AY2.N
addled,AE1.D.AH0.L.D
subject,S.AH1.B.JH.IH0.K.T
skillet,S.K.IH1.L.AH0.T
bengal_tiger,B.EH1.NG.G.AH0.L.T.AY1.G.ER0
shiny,SH.AY1.N.IY0
slide,S.L.AY1.D
applause,AH0.P.L.AO1.Z
suit,S.UW1.T
wren,R.EH1.N
squirrel,S.K.W.ER1.AH0.L
prairie_dog,P.R.EH1.R.IY0.D.AO1.G
piranha,P.IH0.R.AE1.N.HH.AH0
familiarity,F.AH0.M.IH2.L.Y.EH1.R.AH0.T.IY0
red_onion,R.EH1.D.AH1.N.Y.AH0.N
subpoena,S.AH0.P.IY1.N.AH0
academy,AH0.K.AE1.D.AH0.M.IY0
already,AO2.R.EH1.D.IY0
fables,F.EY1.B.AH0.L.Z
mustard_greens,M.AH1.S.T.ER0.D.G.R.IY1.N.Z
ab,AE1.B
abundant,AH0.B.AH1.N.D.AH0.N.T
wasp,W.AA1.S.P
donkeys,D.AA1.NG.K.IY0.Z
agitate,AE1.JH.AH0.T.EY2.T
housefly,HH.AO1.S.F.L.AY0
figurine,F.IH2.G.Y.ER0.IY1.N
skates,S.K.EY1.T.S
sacrosanct,S.AE1.K.R.OW0.S.AE2.NG.K.T
mule,M.Y.UW1.L
seas,S.IY1.Z
features,F.IY1.CH.ER0.Z
flesh,F.L.EH1.SH
billy_goat,B.IH1.L.IY0.G.OW1.T
endives,IH0.N.D.AY1.V.Z
adversal,AE0.V.ER1.S.AH0.L
appendage,AH0.P.EH1.N.D.IH0.JH
fowl,F.AW1.L
fragrance,F.R.EY1.G.R.AH0.N.S
pasta,P.AA1.S.T.AH0
seven,S.EH1.V.AH0.N
friends,F.R.EH1.N.Z
surpass,S.ER0.P.AE1.S
fealty,F.IY1.L.T.IY0
pea_beans,P.IY1.B.IY1.N.Z
watermelon,W.AO1.T.ER0.M.EH2.L.AH0.N
spring,S.P.R.IH1.NG
feverish,F.IY1.V.ER0.IH0.SH
fond,F.AA1.N.D
addictive,AH0.D.IH1.K.T.IH0.V
sawfish,S.AO2.F.IH1.SH
salmonella,S.AE2.L.M.AH0.N.EH1.L.AH0
spain,S.P.EY1.N
poodle,P.UW1.D.AH0.L
gourd,G.AO1.R.D
shell_peas,SH.EH1.L.P.IY1.Z
singapore,S.IH1.NG.G.AH0.P.OW0.ER0
shells,SH.EH1.L.Z
flimsy,F.L.IH1.M.Z.IY0
roach,R.OW1.CH
argument,AA1.R.G.Y.AH0.M.AH0.N.T
fitch,F.IH1.CH
winter_melon,W.IH1.N.T.ER0.M.EH1.L.AH0.N
slices,S.L.AY1.S.IH0.Z
opal,OW1.P.AH0.L
sequel,S.IY1.K.W.AH0.L
open,OW1.P.AH0.N
kitty_cats,K.IH1.T.IY0.K.AE1.T.S
sort,S.AO1.R.T
all_about,AO1.L.AH0.B.AW1.T
antithesis,AE2.N.T.IH1.TH.AH0.S.AH0.S
freckles,F.R.EH1.K.AH0.L.Z
snail,S.N.EY1.L
sundae,S.AH1.N.D.EY2
saws,S.AO1.Z
arbitrary,AA1.R.B.IH0.T.R.EH2.R.IY0
bass,B.EY1.S
ear,IY1.R
stealth,S.T.EH1.L.TH
anniversary,AE2.N.AH0.V.ER1.S.ER0.IY0
analyze,AE1.N.AH0.L.AY2.Z
catfish,K.AE1.T.F.IH2.SH
pickle,P.IH1.K.AH0.L
agreement,AH0.G.R.IY1.M.AH0.N.T
sympatico,S.IH0.M.P.AE1.T.IH0.K.OW0
axis,AE1.K.S.AH0.S
atheist,EY1.TH.IY0.AH0.S.T
oats,OW1.T.S
cardinal,K.AA1.R.D.IH0.N.AH0.L
flail,F.L.EY1.L
horseradish,HH.AO1.R.S.R.AE2.D.IH0.SH
stat,S.T.AE1.T
awkward,AO1.K.W.ER0.D
three-toed_sloth,TH.R.IY1.T.OW0.D.S.L.AO2.TH.S.L.OW1.TH
annual,AE1.N.Y.UW0.AH0.L
sixty,S.IH1.K.S.T.IY0
sidewalk,S.AY1.D.W.AO2.K
forison,F.OW1.R.IH0.S.AH0.N
impala,IH0.M.P.AA1.L.AH0
apricots,AE1.P.R.AH0.K.AA2.T.S
florist,F.L.AO1.R.AH0.S.T
audit,AO1.D.IH0.T
animals,AE1.N.AH0.M.AH0.L.Z
anaheim_peppers,AE1.N.AH0.HH.AY2.M.P.EH1.P.ER0.Z
cranberries,K.R.AE1.N.B.EH2.R.IY0.Z
ocelot,AA1.S.AH0.L.AH0.T
archery,AA1.R.CH.ER0.IY0
force,F.AO1.R.S
fine,F.AY1.N
allowance,AH0.L.AW1.AH0.N.S
screw,S.K.R.UW1
analog,AE1.N.AH0.L.AO2.G
smell,S.M.EH1.L
aardvarks,AA1.R.D.V.AA0.R.K.S
alright,AO2.L.R.AY1.T
starch,S.T.AA1.R.CH
sacriligious,S.AE1.K.R.AH0.L.IH2.JH.AH0.S
furor,F.Y.UH1.R.AO0.R
sacrimonious,S.AE1.K.R.IH0.M.OW2.N.IY0.AH0.S
anomaly,AH0.N.AA1.M.AH0.L.IY0
shed,SH.EH1.D
green_mustard,G.R.IY1.N.M.AH1.S.T.ER0.D
marmoset,M.AA1.R.M.AH0.Z.EH2.T
atlas,AE1.T.L.AH0.S
abrupt,AH0.B.R.AH1.P.T
yellow_squash,Y.EH1.L.OW0.S.K.W.AA1.SH
muskrats,M.AH1.S.K.R.AE2.T.Z
tomcat,T.AA1.M.K.AE2.T
girls,G.ER1.L.Z
wheatgrass,HH.W.IY1.T.G.R.AE0.S
forgiving,F.AO0.R.G.IH1.V.IH0.NG
slovenly,S.L.AH1.V.AH0.N.L.IY0
asshole,AE1.S.HH.OW0.L
rabbit,R.AE1.B.IH0.T
among,AH0.M.AH1.NG
english_peas,IH1.NG.L.IH0.SH.P.IY1.Z
stave,S.T.EY1.V
slug,S.L.AH1.G
meadowlark,M.EH1.D.OW0.L.AA2.R.K
clam,K.L.AE1.M
suddenly,S.AH1.D.AH0.N.L.IY0
east,IY1.S.T
puppy,P.AH1.P.IY0
stage,S.T.EY1.JH
woolly_mammoth,W.UH1.L.IY0.M.AE1.M.AH0.TH
futon,F.UW1.T.AA0.N
faction,F.AE1.K.SH.AH0.N
styroy,S.T.AY1.R.OY0
sweatshirt,S.W.EH1.T.SH.ER2.T
sensing,S.EH1.N.S.IH0.NG
advertising,AE2.D.V.ER0.T.AY1.Z.IH0.NG
accordingly,AH0.K.AO1.R.D.IH0.NG.L.IY0
sanctimony,S.AE1.NG.K.T.IH0.M.OW2.N.IY0
absolve,AE2.B.Z.AA1.L.V
annoy,AH0.N.OY1
ambition,AE2.M.B.IH1.SH.AH0.N
hawks,HH.AO1.K.S
short,SH.AO1.R.T
frap,F.R.AE1.P
soul,S.OW1.L
stupor,S.T.UW1.P.ER0
wild_dogs,W.AY1.L.D.D.AO1.G.Z
anywhere,EH1.N.IY0.HH.W.EH2.R
adam's_apple,AE1.D.AH0.M.Z.AE1.P.AH0.L.AE1.P.AH0.L
peapods,P.IY1.P.AA1.D.Z
skunks,S.K.AH1.NG.K.S
purple_hull_peas,P.ER1.P.AH0.L.HH.AH1.L.P.IY1.Z
statistician,S.T.AE2.T.AH0.S.T.IH1.SH.AH0.N
aviator,EY1.V.IY0.EY2.T.ER0
safe,S.EY1.F
striking,S.T.R.AY1.K.IH0.NG
surface,S.ER1.F.AH0.S
secrete,S.IH0.K.R.IY1.T
amber,AE1.M.B.ER0
jackass,JH.AE1.K.AE2.S
tomato,T.AH0.M.EY1.T.OW0
achieve,AH0.CH.IY1.V
foxhole,F.AA1.K.S.HH.OW2.L
seventy-seven,S.EH1.V.AH0.N.IY0.S.EH1.V.AH0.N
abstain,AE2.B.S.T.EY1.N
turnip_greens,T.ER1.N.AH0.P.G.R.IY1.N.Z
seldom,S.EH1.L.D.AH0.M
eel,IY1.L
statistics,S.T.AH0.T.IH1.S.T.IH0.K.S
speculate,S.P.EH1.K.Y.AH0.L.EY2.T
flannel,F.L.AE1.N.AH0.L
sealant,S.IY1.L.AH0.N.T
artificial,AA2.R.T.AH0.F.IH1.SH.AH0.L
honeydew,HH.AH1.N.IY0.D.UW2
standby,S.T.AE1.N.D.B.AY2
francis,F.R.AE1.N.S.IH0.S
turkey_vulture,T.ER1.K.IY0.V.AH1.L.CH.ER0
sum,S.AH1.M
sick,S.IH1.K
sibling,S.IH1.B.L.IH0.NG
arugula,AH0.R.UW1.G.AH0.L.AH0
saddened,S.AE1.D.AH0.N.D
altered,AO1.L.T.ER0.D
frolic,F.R.AA1.L.IH0.K
fillet,F.AH0.L.EY1
alumni,AH0.L.AH1.M.N.AY2
gumbo_mix,G.AH1.M.B.OW0.M.IH1.K.S
antigone,AE0.T.IH1.G.AH0.N.IY0
stay,S.T.EY1
spill,S.P.IH1.L
leek,L.IY1.K
swim,S.W.IH1.M
gnus,N.UW1.Z
fencing,F.EH1.N.S.IH0.NG
symphony,S.IH1.M.F.AH0.N.IY0
sewing,S.OW1.IH0.NG
spy,S.P.AY1
straddle,S.T.R.AE1.D.AH0.L
shearers,SH.IY1.R.ER0.Z
sober,S.OW1.B.ER0
sister,S.IH1.S.T.ER0
agonize,AE1.G.AH0.N.AY2.Z
antagonistic,AE2.N.T.AE2.G.AH0.N.IH1.S.T.IH0.K
grasses,G.R.AE1.S.IH0.Z
muskrat,M.AH1.S.K.R.AE2.T
stretch,S.T.R.EH1.CH
strawberries,S.T.R.AO1.B.EH2.R.IY0.Z
forty-four,F.AO1.R.T.IY0.F.AO1.R
afrom,AH0.F.R.AA1.M
ax,AE1.K.S
fashion,F.AE1.SH.AH0.N
antonym,AE1.N.T.AH0.N.IH0.M
famous,F.EY1.M.AH0.S
aunt,AO1.N.T
subliminal,S.AH0.B.L.IH1.M.IH0.N.AH0.L
ponies,P.OW1.N.IY0.Z
ambrosia,AE2.M.B.R.OW1.ZH.AH0
pup,P.AH1.P
surfer,S.ER1.F.ER0
kitties,K.IH1.T.IY0.Z
famished,F.AE1.M.IH0.SH.T
foe,F.OW1
sharing,SH.EH1.R.IH0.NG
toucan,T.UW1.K.AE0.N
filagree,F.IH1.L.AH0.G.R.IY0
sufficient,S.AH0.F.IH1.SH.AH0.N.T
walruses,W.AA1.L.R.AH0.S.IH0.Z
as,EH1.Z
synapse,S.IH1.AE0.P.S
sanctuary,S.AE1.NG.K.CH.UW0.EH2.R.IY0
saucy,S.AO1.S.IY0
big_birds,B.IH1.G.B.ER1.D.Z
animated,AE1.N.AH0.M.EY2.T.IH0.D
finch,F.IH1.N.CH
onions,AH1.N.Y.AH0.N.Z
shallot,SH.AE1.L.AH0.T
quails,K.W.EY1.L.Z
bug,B.AH1.G
apparent,AH0.P.EH1.R.AH0.N.T
radish,R.AE1.D.IH0.SH
tamandua,T.AH0.M.AE1.N.D.Y.UW0.AH0
silent,S.AY1.L.AH0.N.T
anus,EY1.N.AH0.S
astende,AH0.S.T.EH1.N.D.EH0
stir,S.T.ER1
seclude,S.AH0.K.L.UW1.D
alt,AA1.L.T
secretary,S.EH1.K.R.AH0.T.EH2.R.IY0
allot,AH0.L.AA1.T
finalize,F.AY1.N.AH0.L.AY2.Z
ace,EY1.S
mongoose,M.AA1.NG.G.UW0.S
abbreviate,AH0.B.R.IY1.V.IY0.EY2.T
badger,B.AE1.JH.ER0
tree,T.R.IY1
segregate,S.EH1.G.R.AH0.G.EY2.T
frighten,F.R.AY1.T.AH0.N
smirk,S.M.ER1.K
cabbages,K.AE1.B.IH0.JH.IH0.Z
termite,T.ER1.M.AY2.T
falconry,F.AE1.L.K.AH0.N.R.IY0
redbird,R.EH1.D.B.ER2.D
pitbull,P.IH1.T.B.UH0.L
artifacts,AA1.R.T.AH0.F.AE2.K.T.S
pinto_bean,P.IH1.N.T.OW2.B.IY1.N
aster,AE1.S.T.ER0
sketch,S.K.EH1.CH
algorithm,AE1.L.G.ER0.IH2.DH.AH0.M
macaws,M.AH0.K.AO1.Z
atmosphere,AE1.T.M.AH0.S.F.IH2.R
bag,B.AE1.G
pig,P.IH1.G
alkaline,AE1.L.K.AH0.L.AY2.N
alpaca,AE2.L.P.AE1.K.AH0
pheasants,F.EH1.Z.AH0.N.T.S
aggressive,AH0.G.R.EH1.S.IH0.V
succotash,S.AH1.K.AH0.T.AE2.SH
finite,F.AY1.N.AY2.T
foxes,F.AA1.K.S.AH0.Z
febrile,F.EH1.B.R.AY0.L
lizard,L.IH1.Z.ER0.D
red_peppers,R.EH1.D.P.EH1.P.ER0.Z
starfish,S.T.AA1.R.F.IH2.SH
sot,S.AO1.T
arabic,AE1.R.AH0.B.IH0.K
apathy,AE1.P.AH0.TH.IY0
wanda,W.AA1.N.D.AH0
elk,EH1.L.K
frankincense,F.R.AE1.NG.K.AH0.N.S.EH2.N.S
supreme,S.ER0.P.R.IY1.M
mustard,M.AH1.S.T.ER0.D
five,F.AY1.V
actuary,AE1.K.CH.AH0.W.EH2.R.IY0
hen,HH.EH1.N
salamanders,S.AE2.L.AH0.M.AE1.N.D.ER0.Z
soft,S.AO1.F.T
free_press,F.R.IY1.P.R.EH1.S
arachnid,ER0.AE1.K.N.IH0.D
sight,S.AY1.T
skull,S.K.AH1.L
attend,AH0.T.EH1.N.D
owl,AW1.L
sardonic,S.AA2.R.D.AA1.N.IH0.K
abalone,AE2.B.AH0.L.OW1.N.IY0
abortion,AH0.B.AO1.R.SH.AH0.N
starting,S.T.AA1.R.T.IH0.NG
sweep,S.W.IY1.P
flash,F.L.AE1.SH
rice,R.AY1.S
fully,F.UH1.L.IY0
allstate,AA1.L.S.T.EY0.T
girl,G.ER1.L
human,Y.UW1.M.AH0.N
scabbard,S.K.AE1.B.ER0.D
skate,S.K.EY1.T
shit,SH.IH1.T
frigidaire,F.R.IH2.JH.IH0.D.EH1.R
thyme,TH.AY1.M
alfalfa,AE2.L.F.AE1.L.F.AH0
sassy,S.AE1.S.IY0
attention,AH0.T.EH1.N.SH.AH0.N
sampler,S.AE1.M.P.L.ER0
semafore,S.IH1.M.AH0.F.OW0.R
arts,AA1.R.T.S
acorn,EY1.K.AO2.R.N
frizzle,F.R.IH1.Z.AH0.L
summary,S.AH1.M.ER0.IY0
average,AE1.V.ER0.IH0.JH
forthcoming,F.AO1.R.TH.K.AH1.M.IH0.NG
shitania,SH.AH0.T.EY1.N.IY0.AH0
black_-_eyed_peas, B L AE1 K AY1 D P IY1 Z
seizure,S.IY1.ZH.ER0
satire,S.AE1.T.AY2.ER0
iceberg_lettuce,AY1.S.B.ER0.G.L.EH1.T.AH0.S
anything,EH1.N.IY0.TH.IH2.NG
mole,M.OW1.L
romaine_lettuce,R.OW0.M.EY1.N.L.EH1.T.AH0.S
scuttle,S.K.AH1.T.AH0.L
sophist,S.OW1.F.IH0.S.T
steal,S.T.IY1.L
semi-conscious,S.IH1.M.IY0.K.AA2.N.CH.UH0.S
canines,K.EY1.N.AY2.N.Z
ocelots,AA1.S.AH0.L.AH0.T.S
fiefdom,F.IY1.F.D.AH0.M
autonomy,AO2.T.AA1.N.AH0.M.IY0
field_pea,F.IY1.L.D.P.IY1
beats,B.IY1.T.S
search,S.ER1.CH
adept,AH0.D.EH1.P.T
auto,AO1.T.OW0
fascinating,F.AE1.S.AH0.N.EY2.T.IH0.NG
age,EY1.JH
address,AE1.D.R.EH2.S
equine,IY1.K.W.AY2.N
sale,S.EY1.L
stuck,S.T.AH1.K
several,S.EH1.V.ER0.AH0.L
anteater,AE1.N.T.IY2.T.ER0
specific,S.P.IH0.S.IH1.F.IH0.K
shovel,SH.AH1.V.AH0.L
sabotage,S.AE1.B.AH0.T.AA2.ZH
gibbons,G.IH1.B.IH0.N.Z
hawk,HH.AO1.K
stomach,S.T.AH1.M.AH0.K
such,S.AH1.CH
febreeze,F.EH0.B.R.IY1.Z
swoop,S.W.UW1.P
cockers,K.AA1.K.ER0.Z
amble,AE1.M.B.AH0.L
smothering,S.M.AH1.DH.ER0.IH0.NG
seem,S.IY1.M
emu,IY1.M.Y.UW2
panther,P.AE1.N.TH.ER0
farsight,F.AA1.R.S.AY0.T
forefinger,F.AO1.R.F.IH2.NG.G.ER0
stereo,S.T.EH1.R.IY0.OW0
flux,F.L.AH1.K.S
stand,S.T.AE1.N.D
coconuts,K.OW1.K.AH0.N.AH2.T.S
artichoke,AA1.R.T.IH0.CH.OW2.K
chigger,CH.IH1.G.ER0
arms,AA1.R.M.Z
sarcastic,S.AA2.R.K.AE1.S.T.IH0.K
fava_bean,F.AA1.V.AH0.B.IY1.N
kodiak_bear,K.OW1.D.IY0.AE2.K.B.EH1.R
sleeper,S.L.IY1.P.ER0
stifle,S.T.AY1.F.AH0.L
station,S.T.EY1.SH.AH0.N
spank,S.P.AE1.NG.K
solo,S.OW1.L.OW0
alpine,AE1.L.P.AY2.N
foible,F.OY1.B.AH0.L
foster,F.AA1.S.T.ER0
fin,F.IH1.N
sammy,S.AE1.M.IY0
sappy,S.AE1.P.IY0
frump,F.R.AH1.M.P
seismic,S.AY1.Z.M.IH0.K
fifty,F.IH1.F.T.IY0
reference,R.EH1.F.R.AH0.N.S
fleck,F.L.EH1.K
mahi_-_mahi,M.AA1.H.IY0.M.AA1.H.IY0
archipelago,AA2.R.K.AH0.P.EH1.L.AH0.G.OW0
sleet,S.L.IY1.T
tiger,T.AY1.G.ER0
space,S.P.EY1.S
fame,F.EY1.M
fireflies,F.AY1.ER0.F.L.AY2.Z
song,S.AO1.NG
felonious,F.EH0.L.OW1.N.IY0.AH0.S
cricket,K.R.IH1.K.IH0.T
gibbon,G.IH1.B.AH0.N
frosty,F.R.AO1.S.T.IY0
smelly,S.M.EH1.L.IY0
ancestry,AE1.N.S.EH2.S.T.R.IY0
fisticuffs,F.IH1.S.T.IH0.K.AH2.F.S
sandwich,S.AE1.N.D.W.IH0.CH
acrombie,AH0.K.R.AA1.M.B.IY0
abet,AH0.B.EH1.T
farragut,F.EH1.R.AH0.G.AH0.T
about,AH0.B.AW1.T
slumber,S.L.AH1.M.B.ER0
frequent,F.R.IY1.K.W.EH2.N.T
slib,S.L.IH0.B
stymie,S.T.AY1.M.IY0
frankfurter,F.R.AE1.NG.K.F.ER0.T.ER0
crouton,K.R.UW1.T.AA0.N
sea,S.IY1
activist,AE1.K.T.IH0.V.IH0.S.T
pineapples,P.AY1.N.AE2.P.AH0.L.Z
shoal,SH.OW1.L
army,AA1.R.M.IY0
scorpion,S.K.AO1.R.P.IY0.AH0.N
stone,S.T.OW1.N
february,F.EH1.B.Y.UW0.W.EH2.R.IY0
satellite,S.AE1.T.AH0.L.AY2.T
salty,S.AO1.L.T.IY0
freckle,F.R.EH1.K.AH0.L
seethe,S.IY1.DH
adjective,AE1.JH.IH0.K.T.IH0.V
forgone,F.AO0.R.G.AA1.N
air,EH1.R
aesthetic,EH2.S.TH.EH1.T.IH0.K
gazelle,G.AH0.Z.EH1.L
turnips,T.ER1.N.AH0.P.S
silly,S.IH1.L.IY0
signature,S.IH1.G.N.AH0.CH.ER0
eggplants,EH1.G.P.L.AE2.N.T.S
format,F.AO1.R.M.AE2.T
affluent,AE1.F.L.UW0.AH0.N.T
suggest,S.AH0.G.JH.EH1.S.T
beetles,B.IY1.T.AH0.L.Z
strangle,S.T.R.AE1.NG.G.AH0.L
sewer,S.UW1.ER0
palmetto_bugs,P.AA0.L.M.EH1.T.OW0.B.AH1.G.Z
mutton,M.AH1.T.AH0.N
sleigh,S.L.EY1
moth,M.AO1.TH
awe,AO1
green,G.R.IY1.N
federal,F.EH1.D.R.AH0.L
chameleon,K.AH0.M.IY1.L.IY0.AH0.N
horse,HH.AO1.R.S
feminine,F.EH1.M.AH0.N.AH0.N
stranction,S.T.R.AE1.N.K.SH.AH0.N
assess,AH0.S.EH1.S
seashore,S.IY1.SH.AO2.R
chayote,CH.AH0.Y.OW1.T.EH0
plums,P.L.AH1.M.Z
flake,F.L.EY1.K
fridge,F.R.IH1.JH
spectrum,S.P.EH1.K.T.R.AH0.M
alas,AH0.L.AE1.S
soybean,S.OY1.B.IY2.N
feat,F.IY1.T
shyam,SH.AY0.Y.AA1.M
green_pea,G.R.IY1.N.P.IY1
scape,S.K.EY1.P
bats,B.AE1.T.S
segue,S.EH1.G.W.EY0
saber,S.EY1.B.ER0
amarelle,AE1.M.AH0.R.EH0.L
antisocial,AE2.N.T.AY2.S.OW1.SH.AH0.L
coon,K.UW1.N
added,AE1.D.IH0.D
shock,SH.AA1.K
anon,AH0.N.AA1.N
futuristic,F.Y.UW2.CH.ER0.IH1.S.T.IH0.K
antarctica,AE2.N.AA1.R.T.IH0.K.AH0
freewheeling,F.R.IY1.HH.W.IY2.L.IH0.NG
flip,F.L.IH1.P
flying,F.L.AY1.IH0.NG
author,AO1.TH.ER0
earthworm,ER1.TH.W.ER2.M
aerodynamic,EH2.R.OW0.D.AY2.N.AE1.M.IH0.K
argue,AA1.R.G.Y.UW0
wild_dog,W.AY1.L.D.D.AO1.G
signal,S.IH1.G.N.AH0.L
share,SH.EH1.R
great_northern_beans,G.R.EY1.T.N.AO1.R.DH.ER0.N.B.IY1.N.Z
adorable,AH0.D.AO1.R.AH0.B.AH0.L
fabulous,F.AE1.B.Y.AH0.L.AH0.S
store,S.T.AO1.R
fifty-five,F.IH1.F.T.IY0.F.AY1.V
architecture,AA1.R.K.AH0.T.EH2.K.CH.ER0
sweater,S.W.EH1.T.ER0
stirrup,S.T.ER1.AH0.P
sweeping,S.W.IY1.P.IH0.NG
archaic,AA2.R.K.EY1.IH0.K
green_tomatoes,G.R.IY1.N.T.AH0.M.AA1.T.OW0.Z
cat,K.AE1.T
foamy,F.OW1.M.IY0
artful,AA1.R.T.F.AH0.L
skeleton,S.K.EH1.L.AH0.T.AH0.N
friction,F.R.IH1.K.SH.AH0.N
audio,AA1.D.IY0.OW0
avocado,AE2.V.AH0.K.AA1.D.OW0
arkansas,AA1.R.K.AH0.N.S.AO2
crickets,K.R.IH1.K.AH0.T.S
flies,F.L.AY1.Z
elephant,EH1.L.AH0.F.AH0.N.T
alcove,AE1.L.K.OW2.V
frame,F.R.EY1.M
dragon,D.R.AE1.G.AH0.N
aneurysm,AE2.N.Y.ER0.IH1.Z.AH0.M
women,W.IH1.M.AH0.N
slow,S.L.OW1
fingers,F.IH1.NG.G.ER0.Z
fulminate,F.UH1.L.M.AH0.N.EY2.T
men,M.EH1.N
fascination,F.AE2.S.AH0.N.EY1.SH.AH0.N
few,F.Y.UW1
seashell,S.IY1.SH.EH2.L
aspire,AH0.S.P.AY1.R
strict,S.T.R.IH1.K.T
sunset,S.AH1.N.S.EH2.T
bean_sprouts,B.IY1.N.S.P.R.AW1.T.S
sushi,S.UW1.SH.IY0
feisty,F.AY1.S.T.IY0
insects,IH1.N.S.EH2.K.T.S
acumen,AH0.K.Y.UW1.M.AH0.N
sandalwood,S.AE1.N.D.AH0.L.W.UH0.D
string_beans,S.T.R.IH1.NG.B.IY1.N.Z
abdicate,AE1.B.D.AH0.K.EY2.T
senses,S.EH1.N.S.IH0.Z
winter_squash,W.IH1.N.T.ER0.S.K.W.AA1.SH
nanny_goat,N.AE1.N.IY0.G.OW1.T
red_snapper,R.EH1.D.S.N.AE1.P.ER0
shallots,SH.AE1.L.AH0.T.S
account,AH0.K.AW1.N.T
factor,F.AE1.K.T.ER0
scarce,S.K.EH1.R.S
python,P.AY1.TH.AA2.N
squatter,S.K.W.AA1.T.ER0
stranded,S.T.R.AE1.N.D.IH0.D
abdominal,AE2.B.D.AA1.M.AH0.N.AH0.L
frontal,F.R.AH1.N.T.AH0.L
ambush,AE1.M.B.UH2.SH
crustacean,K.R.AH0.S.T.EY1.SH.AH0.N
almighty,AO2.L.M.AY1.T.IY0
shuck,SH.AH1.K
piglet,P.IH1.G.L.IH0.T
kidney_bean,K.IH1.D.N.IY0.B.IY1.N
samson,S.AE1.M.S.AH0.N
scissor,S.IH1.Z.ER0
angel,EY1.N.JH.AH0.L
first,F.ER1.S.T
four,F.AO1.R
dark_kidney_beans,D.AA1.R.K.K.IH1.D.N.IY0.B.IY1.N.Z
white_potatoes,HH.W.AY1.T.P.AH0.T.EY1.T.OW0.Z
marmot,M.AA1.R.M.AH0.T
field_peas,F.IY1.L.D.P.IY1.Z
snapdragon,S.N.AE1.P.D.R.AE2.G.AH0.N
shanghai,SH.AE1.NG.HH.AY0
superficial,S.UW2.P.ER0.F.IH1.SH.AH0.L
banana_squash,B.AH0.N.AE1.N.AH0.S.K.W.AA1.SH
radishes,R.AE1.D.IH0.SH.IH0.Z
krill,K.R.IH1.L
slimy,S.L.AY1.M.IY0
allude,AH0.L.UW1.D
again,AH0.G.EY1.N
parakeet,P.EH1.R.AH0.K.IY2.T
fist,F.IH1.S.T
weasels,W.IY1.Z.AH0.L.Z
chipmunks,CH.IH2.P.M.AH1.NG.K.S
summit,S.AH1.M.IH0.T
peruvian_horse,P.ER0.UW1.V.IY0.AH0.N.HH.AO1.R.S
black-eyed_peas,B.L.AE1.K.AY1.D.P.IY1.Z.P.IY1.Z
abrade,AH0.B.R.EH1.D
abridge,AH0.B.R.IH1.JH
sew,S.OW1
avalanche,AE1.V.AH0.L.AE2.N.CH
focal,F.OW1.K.AH0.L
fanny,F.AE1.N.IY0
macaques,M.AH0.K.AA1.K.S
alligate,AE1.L.IH0.G.EY0.T
admiral,AE1.D.M.ER0.AH0.L
aerate,EH1.ER0.EH0.T
fat,F.AE1.T
slime,S.L.AY1.M
frying_pan,F.R.AY1.IH0.NG.P.AE1.N
allen,AE1.L.AH0.N
afternoon,AE2.F.T.ER0.N.UW1.N
orangutans,AO0.R.AE1.NG.AH0.T.AA0.N.Z
chickadee,CH.IH2.K.AH0.D.IY1
seeing,S.IY1.IH0.NG
human_being,Y.UW1.M.AH0.N.B.IY1.IH0.NG
orange,AO1.R.IH0.N.JH
souvenir,S.UW2.V.AH0.N.IH1.R
up,AH1.P
arpeggio,AA0.R.P.EH1.JH.IY0.OW0
ark,AA1.R.K
ladybug,L.EY1.D.IY0.B.AH2.G
spectacular,S.P.EH2.K.T.AE1.K.Y.AH0.L.ER0
start,S.T.AA1.R.T
anticipation,AE2.N.T.IH2.S.AH0.P.EY1.SH.AH0.N
apoplectic,AE2.P.AH0.P.L.EH1.K.T.IH0.K
stork,S.T.AO1.R.K
allible,AE1.L.AH0.B.AH0.L
fridgerator,F.R.IH1.JH.ER0.EY2.T.ER0
worms,W.ER1.M.Z
straw,S.T.R.AO1
far,F.AA1.R
fuzzy,F.AH1.Z.IY0
archer,AA1.R.CH.ER0
choy_sum,CH.OY1.S.AH1.M
airplane,EH1.R.P.L.EY2.N
according,AH0.K.AO1.R.D.IH0.NG
pineapple,P.AY1.N.AE2.P.AH0.L
famish,F.AE1.M.IH0.SH
native,N.EY1.T.IH0.V
lemongrass,L.IH1.M.AH0.N.G.R.AE1.S
around,ER0.AW1.N
sailor,S.EY1.L.ER0
spurn,S.P.ER1.N
aggravate,AE1.G.R.AH0.V.EY2.T
froth,F.R.AO1.TH
ferocity,F.AH0.R.AA1.S.AH0.T.IY0
fetch,F.EH1.CH
adventure,AE2.D.V.EH1.N.CH.ER0
gernik,G.ER1.N.IH0.K
assassin,AH0.S.AE1.S.AH0.N
farmville,F.AA1.R.M.V.IH1.L
flounder,F.L.AW1.N.D.ER0
asphalt,AE1.S.F.AO2.L.T
aberdark,AE1.B.ER0.D.AA0.R.K
feline,F.IY1.L.AY2.N
slept,S.L.EH1.P.T
accentuate,AE2.K.S.EH1.N.CH.UW0.EY2.T
red_bird,R.EH1.D.B.ER1.D
filipino,F.IH2.L.AH0.P.IY1.N.OW0
audience,AO1.D.IY0.AH0.N.S
croutons,K.R.UW1.T.AA0.N.Z
approximate,AH0.P.R.AA1.K.S.AH0.M.EY2.T
mouse,M.AW1.S
satan,S.EY1.T.AH0.N
selenium,S.AH0.L.IY1.N.IY0.AH0.M
bluegill,B.L.UW1.G.IH0.L
sixth,S.IH1.K.S.TH
score,S.K.AO1.R
ostriches,AA1.S.T.R.IH0.CH.IH0.Z
cotton,K.AO1.T.AH0.N
scallop,S.K.AE1.L.AH0.P
apprise,AH0.P.R.AY1.Z
sheet,SH.IY1.T
fidget,F.IH1.JH.IH0.T
announce,AH0.N.AW1.N.S
found,F.AW1.N.D
asp,AE1.S.P
chickpea,CH.IH1.K.P.IY0
solstice,S.AO1.L.S.T.IH0.S
spirit,S.P.IH1.R.IH0.T
suspend,S.AH0.S.P.EH1.N.D
anchor,AE1.NG.K.ER0
shallow,SH.AE1.L.OW0
foremost,F.AO1.R.M.OW2.S.T
hound_dogs,HH.AW1.N.D.D.AO1.G.Z
blueberries,B.L.UW1.B.EH2.R.IY0.Z
sorry,S.AA1.R.IY0
acorn_squash,EY1.K.AO0.R.N.S.K.W.AA1.SH
lemons,L.EH1.M.AH0.N.Z
foosball,F.UW1.S.B.AA0.L
fireball,F.AY1.R.B.AO2.L
solitaire,S.AA2.L.AH0.T.EH1.R
suckling,S.AH1.K.L.IH0.NG
ambitious,AE2.M.B.IH1.SH.AH0.S
feelings,F.IY1.L.IH0.NG.Z
vulture,V.AH1.L.CH.ER0
grains,G.R.EY1.N.Z
butter_bean,B.AH1.T.ER0.B.IY1.N
ammunition,AE2.M.Y.AH0.N.IH1.SH.AH0.N
fact,F.AE1.K
savior,S.EY1.V.Y.ER0
approach,AH0.P.R.OW1.CH
agnostic,AE2.G.N.AA1.S.T.IH0.K
refrigerator,R.IH0.F.R.IH1.JH.ER0.EY2.T.ER0
swamp,S.W.AO1.M.P
greyhound,G.R.EY1.HH.AW2.N.D
porpoises,P.AO1.R.P.AH0.S.AH0.Z
anthropology,AE2.N.TH.R.AH0.P.AA1.L.AH0.JH.IY0
bee,B.IY1
allow,AH0.L.AW1
argyle,AA1.R.G.AY2.L
ascend,AH0.S.EH1.N.D
stamp,S.T.AE1.M.P
leopard,L.EH1.P.ER0.D
athletic,AE2.TH.L.EH1.T.IH0.K
chihuahua,CH.IY2.W.AA1.W.AH0
supplement,S.AH1.P.L.AH0.M.AH0.N.T
antique,AE2.N.T.IY1.K
hubbard_squash,HH.AH1.B.ER0.D.S.K.W.AA1.SH
senile,S.IY1.N.AY2.L
aggravated,AE1.G.R.AH0.V.EY2.T.IH0.D
equestrian,IH0.K.W.EH1.S.T.R.IY0.AH0.N
alliteration,AH0.L.IH1.T.ER0.EY2.SH.AH0.N
spell,S.P.EH1.L
black_eyed_pea,B.L.AE1.K.AY1.D.P.IY1
accel,AH0.K.S.EH1.L
robins,R.AA1.B.AH0.N.Z
ducklings,D.AH1.K.L.IH0.NG.Z
shampoo,SH.AE2.M.P.UW1
slither,S.L.IH1.DH.ER0
fondue,F.AA1.N.D.UW2
adequate,AE1.D.AH0.K.W.EY2.T
zucchini,Z.UW0.K.IY1.N.IY0
advent,AE1.D.V.EH2.N.T
rat,R.AE1.T
yellow_bean,Y.EH1.L.OW0.B.IY1.N
arab,EH1.R.AH0.B
second,S.EH1.K.AH0.N
white_potato,HH.W.AY1.T.P.AH0.T.EY1.T.OW2
pandas,P.AE1.N.D.AH0.Z
humans,Y.UW1.M.AH0.N.Z
pistachio_nut,P.AH0.S.T.AE1.SH.IY0.OW2.N.AH1.T
antagonists,AE0.N.T.AE1.G.AH0.N.AH0.S
expunge,IH0.K.S.P.AH1.N.JH
social,S.OW1.SH.AH0.L
goose,G.UW1.S
honeydew_melon,HH.AH1.N.IY0.D.UW2.M.EH1.L.AH0.N
advocate,AE1.D.V.AH0.K.EY2.T
accord,AH0.K.AO1.R.D
senate,S.EH1.N.IH0.T
parakeets,P.EH1.R.AH0.K.IY2.T.S
rhinoceros,R.AY2.N.AA1.S.ER0.AH0.S
orangutan,AO2.R.AE1.NG.AH0.T.AE2.N
attack,AH0.T.AE1.K
slob,S.L.AA1.B
dingo,D.IH1.NG.G.OW0
syrup,S.IH1.R.AH0.P
partridge,P.AA1.R.T.R.IH0.JH
yellow_pepper,Y.EH1.L.OW0.P.EH1.P.ER0
subway,S.AH1.B.W.EY2
figure,F.IH1.G.Y.ER0
monkey,M.AH1.NG.K.IY0
puppies,P.AH1.P.IY0.Z
astronomy,AH0.S.T.R.AA1.N.AH0.M.IY0
and,AE1.N.D
leeks,L.IY1.K.S
smith,S.M.IH1.TH
aspect,AE1.S.P.EH2.K.T
fect,F.EH1.K.T
flatulence,F.L.AE1.CH.AH0.L.AH0.N.S
sadistic,S.AH0.D.IH1.S.T.IH0.K
swing,S.W.IH1.NG
fragment,F.R.AE1.G.M.AH0.N.T
frozen,F.R.OW1.Z.AH0.N
shotgun,SH.AA1.T.G.AH2.N
sleazy,S.L.IY1.Z.IY0
financier,F.AY2.N.AE0.N.S.IH1.R
satisfied,S.AE1.T.IH0.S.F.AY2.D
abate,AH0.B.EY1.T
mammals,M.AE1.M.AH0.L.Z
brachiosaurus,B.R.EY1.K.IY0.OW0.S.AO2.R.AH0.S
slight,S.L.AY1.T
spider,S.P.AY1.D.ER0
algebra,AE1.L.JH.AH0.B.R.AH0
almonds,AA1.L.M.AH0.N.D.Z
so,S.OW1
axe,AE1.K.S
stomp,S.T.AA1.M.P
pistachio_nuts,P.AH0.S.T.AE1.SH.IY0.OW2.N.AH1.T.S
afford,AH0.F.AO1.R.D
semi,S.EH1.M.AY2
freeway,F.R.IY1.W.EY2
syncopation,S.IH1.NG.K.AH0.P.EY2.SH.AH0.N
artifact,AA1.R.T.AH0.F.AE2.K.T
articulate,AA2.R.T.IH1.K.Y.AH0.L.EY2.T
aspartame,AE1.S.P.ER0.T.EY2.M
peacocks,P.IY1.K.AA2.K.S
furnace,F.ER1.N.AH0.S
abundance,AH0.B.AH1.N.D.AH0.N.S
annoint,AH0.N.OY1.N.T
reptile,R.EH1.P.T.AY2.L
skin,S.K.IH1.N
fiction,F.IH1.K.SH.AH0.N
sourceful,S.OW1.R.S.F.UH0.L
against,AH0.G.EY1.N.S.T
antenna,AE2.N.T.EH1.N.AH0
boa_constrictor,B.OW1.AH0.K.AH0.N.S.T.R.IH1.K.T.ER0
mountain_goat,M.AW1.N.T.AH0.N.G.OW1.T
straight,S.T.R.EY1.T
farmer,F.AA1.R.M.ER0
faculty,F.AE1.K.AH0.L.T.IY0
alleviate,AH0.L.IY1.V.IY0.EY2.T
parmesan_cheese,P.AA1.R.M.AH0.Z.AA2.N.CH.IY1.Z
andromeda,AE0.N.D.R.AA1.M.AH0.D.AH0
ardent,AA1.R.D.AH0.N.T
gnats,N.AE1.T.S
school,S.K.UW1.L
arrest,ER0.EH1.S.T
amidst,AH0.M.IH1.D.S.T
turnip_green,T.ER1.N.AH0.P.G.R.IY1.N
foam,F.OW1.M
albatross,AE1.L.B.AH0.T.R.AA2.S
awfu,AO1.F.UH0.L
gopher,G.OW1.F.ER0
scold,S.K.OW1.L.D
unicorn,Y.UW1.N.IH0.K.AO2.R.N
rhino,R.AY1.N.OW0
fireplace,F.AY1.ER0.P.L.EY2.S
aloe_vera,AE1.L.OW2.V.EH1.R.AH0
crows,K.R.OW1.Z
frantic,F.R.AE1.N.T.IH0.K
animals_from_sea,AE1.N.AH0.M.AH0.L.Z.F.ER0.M.S.IY1
salute,S.AH0.L.UW1.T
symphonic,S.IH0.M.F.AA1.N.IH0.K
flying_squirrel,F.L.AY1.IH0.NG.S.K.W.ER1.AH0.L
sybil,S.IH1.B.IH0.L
are,AA1.R
familiar,F.AH0.M.IH1.L.Y.ER0
sleeve,S.L.IY1.V
anaheim,AE1.N.AH0.H.AY0.M
sulk,S.AH1.L.K
anchorage,AE1.NG.K.ER0.AH0.JH
arch,AA1.R.CH
sometime,S.AH1.M.T.AY2.M
sibilant,S.IH1.B.AH0.L.AH0.N.T
white_bean,HH.W.AY1.T.B.IY1.N
swordfish,S.AO1.R.D.F.IH2.SH
adult,AE1.D.AH0.L.T
heifer,HH.EH1.F.ER0
carrot,K.EH1.R.AH0.T
actor,AE1.K.T.ER0
sensuous,S.EH1.N.CH.UW0.AH0.S
spam,S.P.AE1.M
apply,AH0.P.L.AY1
agony,AE1.G.AH0.N.IY0
spade,S.P.EY1.D
tigers,T.AY1.G.ER0.Z
wallabies,W.AA1.L.AH0.B.IY0.Z
mushroom,M.AH1.SH.R.UW0.M
funky,F.AH1.NG.K.IY0
snap_beans,S.N.AE1.P.B.IY1.N.Z
cow,K.AW1
filament,F.IH1.L.AH0.M.AH0.N.T
attach,AH0.T.AE1.CH
rodent,R.OW1.D.AH0.N.T
fredericksburg,F.R.EH1.D.ER0.IH0.K.S.B.ER0.G
fruitful,F.R.UW1.T.F.AH0.L
kiwi,K.IY1.W.IY0
azure,AE1.ZH.ER0
acknowledge,AE2.K.N.AA1.L.IH0.JH
doughnuts,D.OW1.N.AH2.T.S
sandbox,S.AE1.N.D.B.AA2.K.S
armature,AA1.R.M.AH0.CH.ER0
sociability,S.OW1.SH.AH0.B.IH2.L.AH0.T.IY0
see,S.IY1
spleen,S.P.L.IY1.N
family,F.AE1.M.L.IY0
chiggers,CH.IH1.G.ER0.Z
funnel,F.AH1.N.AH0.L
frown,F.R.AW1.N
shell,SH.EH1.L
watercress,W.AO1.T.ER0.K.R.EH2.S
seal,S.IY1.L
kudu,K.UW1.D.UW0
hermit_crab,HH.ER1.M.AH0.T.K.R.AE1.B
screech_owl,S.K.R.IY1.CH.AW1.L
some,S.AH1.M
buzzard,B.AH1.Z.ER0.D
artistic,AA2.R.T.IH1.S.T.IH0.K
sea_breeze,S.IY1.B.R.IY1.Z
arson,AA1.R.S.AH0.N
snapple,S.N.AE1.P.AH0.L
fixation,F.IH0.K.S.EY1.SH.AH0.N
chimps,CH.IH1.M.P.S
scallion,S.K.AE1.L.Y.AH0.N
suicide,S.UW1.IH0.S.AY2.D
abrasive,AH0.B.R.EY1.S.IH0.V
service,S.ER1.V.IH0.S
barley,B.AA1.R.L.IY0
sapphire,S.AE1.F.AY2.ER0
annunciation,AH0.N.AH1.N.S.IY0.EH2.SH.AH0.N
frond,F.R.AA1.N.D
situation,S.IH2.CH.UW0.EY1.SH.AH0.N
ataturk,AE1.T.AH0.T.ER2.K
round_onion,R.AW1.N.D.AH1.N.Y.AH0.N
ravanos,R.AA1.V.AH0.N.OW0.S
active,AE1.K.T.IH0.V
footnote,F.UH1.T.N.OW2.T
shifty,SH.IH1.F.T.IY0
saxophone,S.AE1.K.S.AH0.F.OW2.N
weasles,W.IY1.Z.AH0.L.Z
sanitize,S.AE1.N.IH0.T.AY2.Z
solipsistic,S.OW0.L.IH1.P.S.IH2.S.T.IH0.K
fiesty,F.AY1.S.T.IY0
fighter,F.AY1.T.ER0
satchel,S.AE1.CH.AH0.L
fraud,F.R.AO1.D
salient,S.EY1.L.IY0.AH0.N.T
study,S.T.AH1.D.IY0
flatter,F.L.AE1.T.ER0
german_shepherd,JH.ER1.M.AH0.N.SH.EH1.P.ER0.D
pansy,P.AE1.N.Z.IY0
peppers,P.EH1.P.ER0.Z
slap,S.L.AE1.P
human_beings,Y.UW1.M.AH0.N.B.IY1.IH0.NG.Z
andy,AE1.N.D.IY0
feather,F.EH1.DH.ER0
acrimonious,AE2.K.R.AH0.M.OW1.N.IY0.AH0.S
fennel,F.EH1.N.AH0.L
approve,AH0.P.R.UW1.V
severe,S.AH0.V.IH1.R
peach,P.IY1.CH
awesome,AO1.S.AH0.M
frightened,F.R.AY1.T.AH0.N.D
sandal,S.AE1.N.D.AH0.L
forlorn,F.ER0.L.AO1.R.N
script,S.K.R.IH1.P.T
simile,S.IH1.M.AH0.L.IY0
red_birds,R.EH1.D.B.ER1.D.Z
chard,CH.AA1.R.D
flurry,F.L.ER1.IY0
ancient,EY1.N.SH.AH0.N.T
shoulder,SH.OW1.L.D.ER0
cherry_tomatoes,CH.EH1.R.IY0.T.AH0.M.AA1.T.OW0.Z
scenic,S.IY1.N.IH0.K
ahead,AH0.HH.EH1.D
activate,AE1.K.T.AH0.V.EY2.T
mammoth,M.AE1.M.AH0.TH
acre,EY1.K.ER0
squirrels,S.K.W.ER1.AH0.L.Z
arisal,AH0.R.AY1.Z.AH0.L
stunk,S.T.AH1.NG.K
speech,S.P.IY1.CH
accept,AE2.K.S.EH1.P.T
sheltered,SH.EH1.L.T.ER0.D
green_onion,G.R.IY1.N.AH1.N.Y.AH0.N
chimp,CH.IH1.M.P
feast,F.IY1.S.T
andiron,AE1.N.D.AY2.ER0.N
panthers,P.AE1.N.TH.ER0.Z
armchair,AA1.R.M.CH.EH2.R
succulent,S.AH1.K.Y.AH0.L.IH0.N.T
romaine,R.OW0.M.EY1.N
an,AE1.N
fries,F.R.AY1.Z
snare,S.N.EH1.R
black-eyed_pea,B.L.AE1.K.AY1.D.P.IY1.Z.P.IY1
mammal,M.AE1.M.AH0.L
woodchucks,W.UH1.D.CH.AH2.K.S
floor,F.L.AO1.R
apartheid,AH0.P.AA1.R.T.AY2.T
dandelions,D.AE1.N.D.AH0.L.AY2.AH0.N.Z
svengali,S.V.EH0.N.G.AA1.L.IY0
semi-annual,S.IH1.M.IY0.AE1.N.Y.UW0.AH0.L
sows,S.OW1.Z
amethyst,AE1.M.IH0.TH.IH0.S.T
sacrifice,S.AE1.K.R.AH0.F.AY2.S
area,EH1.R.IY0.AH0
dog,D.AO1.G
faith,F.EY1.TH
savannah,S.AH0.V.AE1.N.AH0
flange,F.L.AE1.N.JH
affection,AH0.F.EH1.K.SH.AH0.N
goldfish,G.OW1.L.D.F.IH2.SH
anyone,EH1.N.IY0.W.AH2.N
fig,F.IH1.G
gnat,N.AE1.T
scimitar,S.IH1.M.AH0.T.AA0.R
seafaring,S.IY1.F.AE0.R.IH0.NG
armor,AA1.R.M.ER0
sharks,SH.AA1.R.K.S
favorite,F.EY1.V.R.AH0.T
fondly,F.AA1.N.D.L.IY0
slip,S.L.IH1.P
fanatic,F.AH0.N.AE1.T.IH0.K
special,S.P.EH1.SH.AH0.L
italian_squash,IH0.T.AE1.L.Y.AH0.N.S.K.W.AA1.SH
scotch,S.K.AA1.CH
apt,AE1.P.T
jalapeno_peppers,JH.AE2.L.AH0.P.IY1.N.OW0.P.EH1.P.ER0.Z
potatoes,P.AH0.T.EY1.T.OW0.Z
people,P.IY1.P.AH0.L
cockroaches,K.AA1.K.R.OW2.CH.IH0.Z
strength,S.T.R.EH1.NG.K.TH
ferry_boat,F.EH1.R.IY0.B.OW1.T
alive,AH0.L.AY1.V
asbestos,AE2.S.B.EH1.S.T.AH0.S
apathetic,AE2.P.AH0.TH.EH1.T.IH0.K
finicky,F.IH1.N.AH0.K.IY0
scant,S.K.AE1.N.T
facebook,F.EY1.S.B.UH0.K
symptom,S.IH1.M.P.T.AH0.M
also,AO1.L.S.OW0
foreshadowing,F.AO0.R.SH.AE1.D.OW0.IH0.NG
fiddling,F.IH1.D.L.IH0.NG
duckling,D.AH1.K.L.IH0.NG
ground_squirrel,G.R.AW1.N.D.S.K.W.ER1.AH0.L
fizzle,F.IH1.Z.AH0.L
moose,M.UW1.S
frenzy,F.R.EH1.N.Z.IY0
sophisticated,S.AH0.F.IH1.S.T.IH0.K.EY2.T.AH0.D
ship,SH.IH1.P
cranberry,K.R.AE1.N.B.EH2.R.IY0
saving,S.EY1.V.IH0.NG
appear,AH0.P.IH1.R
raccoons,R.AE0.K.UW1.N.Z
ahimsa,AH0.H.IH1.M.S.AH0
cranberry_beans,K.R.AE1.N.B.EH2.R.IY0.B.IY1.N.Z
syrah,S.AH0.R.AA1
alacrity,AH0.L.AE1.K.R.AH0.T.IY0
fathom,F.AE1.DH.AH0.M
aggrandize,AH0.G.R.AE1.N.D.AY2.Z
fold,F.OW1.L.D
supplicant,S.AH1.P.L.AH0.K.AH0.N.T
sheep,SH.IY1.P
popcorn,P.AA1.P.K.AO2.R.N
endive,EH1.N.D.IH0.V
flan,F.L.AE1.N
sperm,S.P.ER1.M
october_beans,AA0.K.T.OW1.B.ER0.B.IY1.N.Z
aristocrat,ER0.IH1.S.T.AH0.K.R.AE2.T
fairy,F.EH1.R.IY0
sap,S.AE1.P
spa,S.P.AA1
fairly,F.EH1.R.L.IY0
other,AH1.DH.ER0
carrots,K.EH1.R.AH0.T.S
shame,SH.EY1.M
sentence,S.EH1.N.T.AH0.N.S
frontier,F.R.AH0.N.T.IH1.R
capon,K.EY1.P.AA2.N
august,AO1.G.AH0.S.T
seek,S.IY1.K
for,F.AO1.R
apes,EY1.P.S
saxon,S.AE1.K.S.AH0.N
adelia,AH0.D.IY1.L.IY0.AH0
fresh_potatoes,F.R.EH1.SH.P.AH0.T.EY1.T.OW0.Z
sow,S.OW1
manatee,M.AE1.N.AH0.T.IY2
poke_salad,P.OW1.K.S.AE1.L.AH0.D
dall_sheep,D.AO1.L.SH.IY1.P
austin,AO1.S.T.AH0.N
amino,AH0.M.IY1.N.OW0
minks,M.IH1.NG.K.S
rams,R.AE1.M.Z
shoes,SH.UW1.Z
football,F.UH1.T.B.AO2.L
satiety,S.AH0.T.AY1.AH0.T.IY0
teddy_bear,T.EH1.D.IY0.B.EH1.R
solidarity,S.AA2.L.AH0.D.EH1.R.AH0.T.IY0
wheat_flour,HH.W.IY1.T.F.L.AW1.R
antic,AE1.N.T.IH0.K
pepper,P.EH1.P.ER0
sting,S.T.IH1.NG
alone,AH0.L.OW1.N
aromatic,EH2.R.AH0.M.AE1.T.IH0.K
flowers,F.L.AW1.ER0.Z
sheen,SH.IY1.N
scythe,S.AY1.TH
navy_beans,N.EY1.V.IY0.B.IY1.N.Z
stem,S.T.EH1.M
attainable,AH0.T.EY1.N.AH0.B.AH0.L
supercilious,S.UW2.P.ER0.S.IH1.L.IY0.AH0.S
buffalo,B.AH1.F.AH0.L.OW0
awhile,AH0.W.AY1.L
frisk,F.R.IH1.S.K
kite,K.AY1.T
forgiven,F.AO0.R.G.IH1.V.AH0.N
acquire,AH0.K.W.AY1.ER0
scepter,S.EH1.P.T.ER0
analogue,AE1.N.AH0.L.AO2.G
sumptuous,S.AH1.M.P.CH.UW0.AH0.S
semiannual,S.EH2.M.AH0.AE1.N.Y.AH0.W.AH0.L
sweet,S.W.IY1.T
sell,S.EH1.L
spicy,S.P.AY1.S.IY0
arrogant,EH1.R.AH0.G.AH0.N.T
slack,S.L.AE1.K
adjacent,AH0.JH.EY1.S.AH0.N.T
scalloped_potatoes,S.K.AA1.L.AH0.P.T.P.AH0.T.EY1.T.OW0.Z
shrink,SH.R.IH1.NG.K
anchovies,AE1.N.CH.OW2.V.IY0.Z
away,AH0.W.EY1
alternative,AO2.L.T.ER1.N.AH0.T.IH0.V
three_-_toed_sloth,TH.R.IY1.T.OW0.D.S.L.AA1.TH
stab,S.T.AE1.B
saffron,S.AE1.F.R.AH0.N
amish,EY1.M.IH0.SH
softly,S.AO1.F.L.IY0
shrine,SH.R.AY1.N
sock,S.AA1.K
unicorns,Y.UW1.N.AH0.K.OW0.R.N.Z
arabian_horse,ER0.EY1.B.IY0.AH0.N.HH.AO1.R.S
flask,F.L.AE1.S.K
son,S.AH1.N
foot,F.UH1.T
stole,S.T.OW1.L
boars,B.OW1.R.Z
acronym,AE1.K.R.AH0.N.IH0.M
light_kidney_beans,L.AY1.T.K.IH1.D.N.IY0.B.IY1.N.Z
fudgecicle,F.AH2.JH.S.IH1.K.AH0.L
relish,R.EH1.L.IH0.SH
abstinence,AE1.B.S.T.AH0.N.AH0.N.S
forceful,F.AO1.R.S.F.AH0.L
should,SH.UH1.D
aorta,EY2.AO1.R.T.AH0
archimedes,AA2.R.K.AH0.M.IY1.D.IY0.Z
syncope,S.IH1.NG.K.OW0.P.IY0
squeal,S.K.W.IY1.L
accent,AE1.K.S.EH2.N.T
bean_sprout,B.IY1.N.S.P.R.AW1.T
bunny_rabbit,B.AH1.N.IY0.R.AE1.B.IH0.T
suspicion,S.AH0.S.P.IH1.SH.AH0.N
five_hundred,F.AY1.V.HH.AH1.N.D.ER0.D
raptor,R.AE1.P.T.ER0
ass,AE1.S
safari,S.AH0.F.AA1.R.IY0
a-frame,EH1.F.R.EH1.M
spoke,S.P.OW1.K
sash,S.AE1.SH
sandy,S.AE1.N.D.IY0
okra,OW1.K.R.AH0
red_bean,R.EH1.D.B.IY1.N
albondigas,AE0.L.B.OW1.N.D.IH0.G.AH0.S
eskimo_dog,EH1.S.K.AH0.M.OW2.D.AO1.G
septuplet,S.EH0.P.T.AH1.P.L.EH0.T
funicular,F.Y.UW0.N.IH1.K.Y.AH0.L.ER0
slugger,S.L.AH1.G.ER0
success,S.AH0.K.S.EH1.S
fence,F.EH1.N.S
arise,ER0.AY1.Z
slowest,S.L.OW1.AH0.S.T
strut,S.T.R.AH1.T
slink,S.L.IH1.NG.K
shut,SH.AH1.T
sesquipedalian,S.EH1.S.K.W.IH0.P.AH0.D.EH2.L.Y.AH0.N
blackberries,B.L.AE1.K.B.EH2.R.IY0.Z
fluff,F.L.AH1.F
ate,EY1.T
alma,AO1.L.M.AH0
figs,F.IH1.G.Z
fraternity,F.R.AH0.T.ER1.N.IH0.T.IY0
fasting,F.AE1.S.T.IH0.NG
stairway,S.T.EH1.R.W.EY2
adjunct,AE1.JH.AH2.NG.K.T
soar,S.AO1.R
prune,P.R.UW1.N
fee,F.IY1
red_lettuce,R.EH1.D.L.EH1.T.AH0.S
sabre,S.EY1.B.ER0
flatulate,F.L.AE1.CH.AH0.L.EH0.T
fascist,F.AE1.SH.AH0.S.T
fund,F.AH1.N.D
socket,S.AA1.K.AH0.T
she,SH.IY1
friendly,F.R.EH1.N.L.IY0
alloy,AE1.L.OY2
musk_goats,M.AH1.S.K.G.OW1.T.S
figurative,F.IH1.G.Y.ER0.AH0.T.IH0.V
prunes,P.R.UW1.N.Z
armadillo,AA2.R.M.AH0.D.IH1.L.OW0
adam,AE1.D.AH0.M
green_bean,G.R.IY1.N.B.IY1.N
slaw,S.L.AO1
shibboleth,SH.IH1.B.AH0.L.EH2.TH
arrange,ER0.EY1.N.JH
astrology,AH0.S.T.R.AA1.L.AH0.JH.IY0
mixed_vegetables,M.IH1.K.S.T.V.EH1.JH.T.AH0.B.AH0.L.Z
arrival,ER0.AY1.V.AH0.L
stumble,S.T.AH1.M.B.AH0.L
cows,K.AW1.Z
artillery,AA2.R.T.IH1.L.ER0.IY0
forest,F.AO1.R.IH0.S.T
scapula,S.K.AE1.P.Y.UW0.L.AH0
adverse,AE2.D.V.ER1.S
zuchini,Z.UW0.K.IY1.N.IY0
caterpillars,K.AE1.T.AH0.P.IH2.L.ER0.Z
hominy,HH.AA1.M.IH0.N.IY0
rooster,R.UW1.S.T.ER0
finger,F.IH1.NG.G.ER0
sin,S.IH1.N
limas,L.IY1.M.AH0.Z
dinosaurs,D.AY1.N.AH0.S.AO2.R.Z
stable,S.T.EY1.B.AH0.L
fallopian,F.AH0.L.OW1.P.IY0.AH0.N
shetland_pony,SH.EH1.T.L.AH0.N.D.P.OW1.N.IY0
sameness,S.EY1.M.N.AH0.S
addicted,AH0.D.IH1.K.T.IH0.D
focus,F.OW1.K.IH0.S
sunscreen,S.AH1.N.S.K.R.IY0.N
sweetheart,S.W.IY1.T.HH.AA2.R.T
pups,P.AH1.P.S
style,S.T.AY1.L
sorrel,S.AO1.R.AH0.L
anaconda,AE2.N.AH0.K.AA1.N.D.AH0
sit,S.IH1.T
sage,S.EY1.JH
arrow,EH1.R.OW0
stud,S.T.AH1.D
cub,K.AH1.B
great_white_whale,G.R.EY1.T.HH.W.AY1.T.HH.W.EY1.L
atune,AH0.T.Y.UW1.N
frog,F.R.AA1.G
otter,AA1.T.ER0
hound,HH.AW1.N.D
puma,P.UW1.M.AH0
froeh,F.R.OW1
formation,F.AO0.R.M.EY1.SH.AH0.N
pumpkins,P.AH1.M.K.AH0.N.Z
stink,S.T.IH1.NG.K
seesaw,S.IY1.S.AO2
parrots,P.EH1.R.AH0.T.S
fedex,F.EH1.D.EH1.K.S
appendix,AH0.P.EH1.N.D.IH0.K.S
supine,S.UW0.P.AY1.N
adenoids,AE1.D.AH0.N.OY2.D.Z
allen_wrench,AE1.L.AH0.N.R.EH1.N.CH
superior,S.UW0.P.IH1.R.IY0.ER0
skeptic,S.K.EH1.P.T.IH0.K
sweet_peppers,S.W.IY1.T.P.EH1.P.ER0.Z
sam,S.AE1.M
seaweed,S.IY1.W.IY2.D
spinach,S.P.IH1.N.AH0.CH
authoritarian,AH0.TH.AO2.R.AH0.T.EH1.R.IY0.AH0.N
saved,S.EY1.V.D
anise,AE1.N.AH0.S
forgotten,F.AO0.R.G.AA1.T.AH0.N
synonym,S.IH1.N.AH0.N.IH2.M
almond,AA1.M.AH0.N.D
always,AO1.L.W.EY2.Z
green_peas,G.R.IY1.N.P.IY1.Z
hogs,HH.AA1.G.Z
sugarcane,SH.UH1.G.ER0.K.EY2.N
silo,S.AY1.L.OW0
screech,S.K.R.IY1.CH
frustrated,F.R.AH1.S.T.R.EY2.T.AH0.D
sink,S.IH1.NG.K
azalea,AH0.Z.EY1.L.Y.AH0
founder,F.AW1.N.D.ER0
sate,S.EY1.T
arrears,ER0.IH1.R.Z
abhor,AE2.B.HH.AO1.R
ant_bear,AE1.N.T.B.EH1.R
teddy_bears,T.EH1.D.IY0.B.EH1.R.Z
absolute,AE1.B.S.AH0.L.UW2.T
peanut,P.IY1.N.AH2.T
fortify,F.AO1.R.T.IH0.F.AY2
attribute,AE1.T.R.AH0.B.Y.UW2.T
bell_peppers,B.EH1.L.P.EH1.P.ER0.Z
shaky,SH.EY1.K.IY0
lamb,L.AE1.M
aptitude,AE1.P.T.AH0.T.UW2.D
stripe,S.T.R.AY1.P
assistance,AH0.S.IH1.S.T.AH0.N.S
avengement,AH0.V.IH1.N.JH.M.AH0.N.T
stood,S.T.UH1.D
frankly,F.R.AE1.NG.K.L.IY0
aim,EY1.M
soprano,S.AH0.P.R.AE1.N.OW0
funny,F.AH1.N.IY0
focused,F.OW1.K.IH0.S.T
simply,S.IH1.M.P.L.IY0
amongst,AH0.M.AH1.NG.S.T
soon,S.UW1.N
agate,AE1.G.AH0.T
bullfrog,B.UH1.L.F.R.AO2.G
ado,AH0.D.UW1
seer,S.IY1.R
similar,S.IH1.M.AH0.L.ER0
adhere,AH0.D.HH.IH1.R
android,AE1.N.D.R.OY2.D
forklift,F.AO1.R.K.L.IH2.F.T
vegetables,V.EH1.JH.T.AH0.B.AH0.L.Z
abs,AE1.B.Z
slope,S.L.OW1.P
farrel,F.EH1.R.AH0.L
arboretum,AA2.R.B.ER0.IY1.T.AH0.M
agaripton,AE0.G.AH0.R.IH1.P.T.AA0.N
flunk,F.L.AH1.NG.K
appraisal,AH0.P.R.EY1.Z.AH0.L
solvent,S.AA1.L.V.AH0.N.T
sunburnt,S.AH1.N.B.ER0.N.T
stare,S.T.EH1.R
cockatiel,K.AA1.K.AH0.T.IY0.L
lotus_root,L.OW1.T.AH0.S.R.UW1.T
affront,AH0.F.R.AH1.N.T
stray,S.T.R.EY1
wolverine,W.UH2.L.V.ER0.IY1.N
avert,AH0.V.ER1.T
ferocious,F.ER0.OW1.SH.AH0.S
salon,S.AH0.L.AA1.N
sill,S.IH1.L
ford,F.AO1.R.D
flinch,F.L.IH1.N.CH
all,AO1.L
shark,SH.AA1.R.K
bison,B.AY1.S.AH0.N
adrenaline,AH0.D.R.EH1.N.AH0.L.AH0.N
sire,S.AY1.ER0
whales,HH.W.EY1.L.Z
sugar_beans,SH.UH1.G.ER0.B.IY1.N.Z
sucker,S.AH1.K.ER0
collard_greens,K.AA1.L.ER0.D.G.R.IY1.N.Z
fisher,F.IH1.SH.ER0
sweat,S.W.EH1.T
whale,HH.W.EY1.L
potato,P.AH0.T.EY1.T.OW0
answer,AE1.N.S.ER0
frying,F.R.AY1.IH0.NG
amaryllis,AE2.M.ER0.IH1.L.IH0.S
brazilian_nuts,B.R.AH0.Z.IH1.L.Y.AH0.N.N.AH1.T.S
student,S.T.UW1.D.AH0.N.T
appliances,AH0.P.L.AY1.AH0.N.S.IH0.Z
snapper,S.N.AE1.P.ER0
future,F.Y.UW1.CH.ER0
fluent,F.L.UW1.AH0.N.T
acid,AE1.S.AH0.D
alligators,AE1.L.AH0.G.EY2.T.ER0.Z
aha,AA2.HH.AA1
arsenic,AA1.R.S.AH0.N.IH0.K
spatter,S.P.AE1.T.ER0
aberrant,AE2.B.EH1.R.AH0.N.T
sisle,S.IH1.S.AH0.L
snout,S.N.AW1.T
scandal,S.K.AE1.N.D.AH0.L
two-toed_sloth,T.UW1.T.OW1.D.S.L.AA1.TH.S.L.OW1.TH
facts,F.AE1.K.S
crocodile,K.R.AA1.K.AH0.D.AY2.L
flap,F.L.AE1.P
fright,F.R.AY1.T
ameba,AH0.M.IY1.B.AH0
scope,S.K.OW1.P
dromedary,D.R.AA1.M.AH0.D.EH2.R.IY0
sunderland,S.AH1.N.D.ER0.L.AH0.N.D
slosh,S.L.AA1.SH
snow_peas,S.N.OW1.P.IY1.Z
sergeant,S.AA1.R.JH.AH0.N.T
orange_pepper,AO1.R.IH0.N.JH.P.EH1.P.ER0
atop,AH0.T.AA1.P
swans,S.W.AA1.N.Z
suave,S.W.AA1.V
anterior,AE2.N.T.IH1.R.IY0.ER0
elbow,EH1.L.B.OW0
tree_squirrel,T.R.IY1.S.K.W.ER1.AH0.L
sentiment,S.EH1.N.AH0.M.AH0.N.T
ammo,AE1.M.OW0
macaque,M.AH0.K.AA1.K
aflame,AH0.F.L.EY1.M
ample,AE1.M.P.AH0.L
frederick,F.R.EH1.D.ER0.IH0.K
amore,AA1.M.AO0.R
dare,D.EH1.R
saint,S.EY1.N.T
sticky,S.T.IH1.K.IY0
avow,AH0.V.AW1
antelope,AE1.N.T.AH0.L.OW2.P
kohlrabi,K.AO2.L.R.AA1.B.IY0
sanctification,S.AE2.NG.K.T.AH0.F.AH0.K.EY1.SH.AH0.N
friendship,F.R.EH1.N.SH.IH0.P
cannelini,K.AE1.N.AH0.L.IY2.N.IY0
jackaroo,J.AE1.K.AH0.R.UW0
abrasion,AH0.B.R.EY1.ZH.AH0.N
locusts,L.OW1.K.AH0.S
sapling,S.AE1.P.L.IH0.NG
fuel,F.Y.UW1.L
fill_up,F.IH1.L.AH1.P
animation,AE2.N.AH0.M.EY1.SH.AH0.N
administration,AE2.D.M.IH2.N.IH0.S.T.R.EY1.SH.AH0.N
fuck,F.AH1.K
sore,S.AO1.R
steel,S.T.IY1.L
sweet_pea,S.W.IY1.T.P.IY1
jam,JH.AE1.M
llamas,L.AA1.M.AH0.Z
mackerel,M.AE1.K.ER0.AH0.L
adjust,AH0.JH.AH1.S.T
abort,AH0.B.AO1.R.T
flubber,F.L.AH1.B.ER0
firebrand,F.AY1.ER0.B.R.AE2.N.D
banana,B.AH0.N.AE1.N.AH0
andes,AE1.N.D.IY0.Z
crow,K.R.OW1
firm,F.ER1.M
father,F.AA1.DH.ER0
fred,F.R.EH1.D
northern_beans,N.AO1.R.DH.ER0.N.B.IY1.N.Z
arbor,AA1.R.B.ER0
super,S.UW1.P.ER0
sure,SH.UH1.R
jackal,JH.AE1.K.AH0.L
squeamish,S.K.W.IY1.M.IH0.SH
folks,F.OW1.K.S
sadness,S.AE1.D.N.AH0.S
faux,F.OW1
fuji_apples,F.UW1.JH.IY0.AE1.P.AH0.L.Z
sauce,S.AO1.S
black_beans,B.L.AE1.K.B.IY1.N.Z
kudamonday,K.UW1.D.AH0.M.AA2.N.D.EY0
affiliate,AH0.F.IH1.L.IY0.EY2.T
water_moccasin,W.AO1.T.ER0.M.AA1.K.AH0.S.IH0.N
sausage,S.AO1.S.IH0.JH
cheetahs,CH.IY1.T.AH0.Z
tapir,T.EY1.P.ER0
slant,S.L.AE1.N.T
fall,F.AA1.L
scar,S.K.AA1.R
abe,EY1.B
add,AE1.D
show,SH.OW1
angst,AA1.NG.K.S.T
flank,F.L.AE1.NG.K
stocking,S.T.AA1.K.IH0.NG
baked_bean,B.EY1.K.T.B.IY1.N
navy_bean,N.EY1.V.IY0.B.IY1.N
amante,AA0.M.AA1.N.T.IY0
abastos,AH0.B.AA1.S.T.OW0.S
coconut,K.OW1.K.AH0.N.AH2.T
aims,EY1.M.Z
ajax,EY1.JH.AE2.K.S
approbation,AE2.P.R.AH0.B.EY1.SH.AH0.N
slave,S.L.EY1.V
french_fries,F.R.EH1.N.CH.F.R.AY1.Z
finish,F.IH1.N.IH0.SH
bat,B.AE1.T
spiders,S.P.AY1.D.ER0.Z
sake,S.EY1.K
cucumbers,K.Y.UW1.K.AH0.M.ER0.Z
asinine,AE1.S.AH0.N.AY2.N
rattlesnake,R.AE1.T.AH0.L.S.N.EY2.K
fast,F.AE1.S.T
astonishing,AH0.S.T.AA1.N.IH0.SH.IH0.NG
felicity,F.IH0.L.IH1.S.AH0.T.IY0
shone,SH.OW1.N
freedom,F.R.IY1.D.AH0.M
amoeba,AH0.M.IY1.B.AH0
sump,S.AH1.M.P
shower,SH.AW1.ER0
aflea,AH0.F.L.IY1
mosquito,M.AH0.S.K.IY1.T.OW0
strategic,S.T.R.AH0.T.IY1.JH.IH0.K
supportive,S.AH0.P.AO1.R.T.IH0.V
affordable,AH0.F.AO1.R.D.AH0.B.AH0.L
seahorse,S.IY2.H.OW1.R.S
facile,F.AE1.S.AH0.L
fugue,F.Y.UW1.G
sideways,S.AY1.D.W.EY2.Z
facsimile,F.AE0.K.S.IH1.M.AH0.L.IY0
flog,F.L.AA1.G
selfish,S.EH1.L.F.IH0.SH
aghast,AH0.G.AE1.S.T
acidic,AH0.S.IH1.D.IH0.K
pinto_beans,P.IH1.N.T.OW2.B.IY1.N.Z
agronomy,AH0.G.R.AA1.N.AH0.M.IY0
shall,SH.AE1.L
firehose,F.AY1.ER0.H.OW2.Z
stalk,S.T.AO1.K
additive,AE1.D.IH0.T.IH0.V
sabbath,S.AE1.B.AH0.TH
fan,F.AE1.N
owls,AW1.L.Z
shield,SH.IY1.L.D
filial,F.IH1.L.IY0.AH0.L
arid,EH1.R.AH0.D
wolf,W.UH1.L.F
stretcher,S.T.R.EH1.CH.ER0
absorbent,AH0.B.Z.AO1.R.B.AH0.N.T
frumpy,F.R.AH1.M.P.IY0
slew,S.L.UW1
although,AO2.L.DH.OW1
axiom,AE1.K.S.IY0.AH0.M
chili_beans,CH.IH1.L.IY0.B.IY1.N.Z
automobile,AO2.T.AH0.M.OW0.B.IY1.L
stallion,S.T.AE1.L.Y.AH0.N
ability,AH0.B.IH1.L.AH0.T.IY0
stint,S.T.IH1.N.T
ringtail_lemur,R.IH1.NG.T.EH0.L.L.IY1.M.AH0.R.L.IY1.M.ER0
alimentary,AE2.L.AH0.M.EH1.N.T.ER0.IY0
argonaut,AA1.R.G.AH0.N.AO2.T
furthermore,F.ER1.DH.ER0.M.AO2.R
finale,F.AH0.N.AE1.L.IY0
archive,AA1.R.K.AY2.V
flagrant,F.L.EY1.G.R.AH0.N.T
acorns,EY1.K.AO0.R.N.Z
piglets,P.IH1.G.L.IH0.T.S
size,S.AY1.Z
sitter,S.IH1.T.ER0
furasol,F.Y.ER1.AH0.S.AO2.L
fumes,F.Y.UW1.M.Z
airy,EH1.R.IY0
gerbil,JH.ER1.B.AH0.L
smoke,S.M.OW1.K
acrid,AE1.K.R.IH0.D
ancillary,AE1.N.S.AH0.L.EH2.R.IY0
orange_peppers,AO1.R.IH0.N.JH.P.EH1.P.ER0.Z
foliage,F.OW1.L.IY0.IH0.JH
stair,S.T.EH1.R
saturday,S.AE1.T.ER0.D.IY0
standard,S.T.AE1.N.D.ER0.D
alibis,AE1.L.AH0.B.AY2.Z
slender,S.L.EH1.N.D.ER0
wildebeest,W.IH1.L.D.AH0.B.IY2.S.T
angel_tree,EY1.N.JH.AH0.L.T.R.IY1
fornicate,F.OW1.R.N.IH0.K.EY0.T
yak,Y.AE1.K
felt,F.EH1.L.T
flag,F.L.AE1.G
hamsters,HH.AE1.M.S.T.ER0.Z
cherry,CH.EH1.R.IY0
formal,F.AO1.R.M.AH0.L
deets,D.IY1.T.S
chili_peppers,CH.IH1.L.IY0.P.EH1.P.ER0.Z
something,S.AH1.M.TH.IH0.NG
grit,G.R.IH1.T
scintilla,S.IH0.N.T.IH1.L.AH0
fax,F.AE1.K.S
ferrets,F.EH1.R.AH0.T.S
strong,S.T.R.AO1.NG
fours,F.AO1.R.Z
apron,EY1.P.R.AH0.N
salad,S.AE1.L.AH0.D
child,CH.AY1.L.D
sack,S.AE1.K
fay,F.EY1
subtract,S.AH0.B.T.R.AE1.K.T
shrew,SH.R.UW1
smurf,S.M.ER1.F
ascot,AE1.S.K.AA2.T
advise,AE2.D.V.AY1.Z
sung,S.AH1.NG
swirl,S.W.ER1.L
fertilize,F.ER1.T.AH0.L.AY2.Z
cigar,S.IH0.G.AA1.R
agrarian,AH0.G.R.EH1.R.IY0.AH0.N
two_-_toed_sloth,T.UW1.T.OW0.D.S.L.AA1.TH
yellow_beans,Y.EH1.L.OW0.B.IY1.N.Z
fortitude,F.AO1.R.T.IH0.T.UW2.D
sinus,S.AY1.N.AH0.S
fraction,F.R.AE1.K.SH.AH0.N
sparkle,S.P.AA1.R.K.AH0.L
automaton,AO2.T.AA1.M.AH0.T.AA2.N
floss,F.L.AA1.S
flee,F.L.IY1
beat,B.IY1.T
sinister,S.IH1.N.IH0.S.T.ER0
angle,AE1.NG.G.AH0.L
egg,EH1.G
aside,AH0.S.AY1.D
fire,F.AY1.R
furrow,F.ER1.OW0
alice,AE1.L.IH0.S
jams,JH.AE1.M.Z
flood,F.L.AH1.D
mustards,M.AH1.S.T.ER0.D.Z
screen,S.K.R.IY1.N
sinking,S.IH1.NG.K.IH0.NG
separate,S.EH1.P.ER0.EY2.T
femur,F.IY1.M.ER0
suffix,S.AH1.F.IH0.K.S
sad,S.AE1.D
sheepish,SH.IY1.P.IH0.SH
sociable,S.OW1.SH.AH0.B.AH0.L
afterglow,AE1.F.T.ER0.G.L.OW2
freighter,F.R.EY1.T.ER0
anodyne,AE1.N.OW0.D.AY0.N
apoplexy,AE1.P.AH0.P.L.EH2.K.S.IY0
sombrero,S.AA2.M.B.R.EH1.R.OW0
streetcar,S.T.R.IY1.T.K.AA2.R
snooze,S.N.UW1.Z
quetzal,K.EH1.T.S.AH0.L
asthma,AE1.Z.M.AH0
aperture,AE1.P.ER0.CH.ER0
guava,G.W.AA1.V.AH0
flier,F.L.AY1.ER0
fiat,F.IY1.AA0.T
fraternal,F.R.AH0.T.ER1.N.AH0.L
forbidden,F.ER0.R.B.IH1.D.AH0.N
substance,S.AH1.B.S.T.AH0.N.S
anesthesiology,AE2.N.AH0.S.TH.IY0.Z.IY0.AA1.L.AH0.JH.IY0
food,F.UW1.D
smile,S.M.AY1.L
somnambulent,S.AA0.M.N.AE1.M.B.Y.UW0.L.AH0.N.T
shake,SH.EY1.K
cougar,K.UW1.G.ER0
suspect,S.AH1.S.P.EH2.K.T
facility,F.AH0.S.IH1.L.IH0.T.IY0
manta_ray,M.AE1.N.T.AH0.R.EY1
flora,F.L.AO1.R.AH0
sleek,S.L.IY1.K
fumigate,F.Y.UW1.M.AH0.G.EY2.T
saturn,S.AE1.T.ER0.N
fester,F.EH1.S.T.ER0
tadpoles,T.AE1.D.P.OW2.L.Z
fallible,F.AE1.L.AH0.B.AH0.L
antagonist,AE2.N.T.AE1.G.AH0.N.AH0.S.T
macaroni,M.AE2.K.ER0.OW1.N.IY0
fresh,F.R.EH1.SH
fissure,F.IH1.SH.ER0
fender,F.EH1.N.D.ER0
virus,V.AY1.R.AH0.S
stellar,S.T.EH1.L.ER0
stationary,S.T.EY1.SH.AH0.N.EH2.R.IY0
beans,B.IY1.N.Z
affirm,AH0.F.ER1.M
yorkie,Y.OW1.R.K.IY0
socks,S.AA1.K.S
giraffe,JH.ER0.AE1.F
fail,F.EY1.L
ajar,AH0.JH.AA1.R
shirt,SH.ER1.T
sly,S.L.AY1
freight,F.R.EY1.T
wasps,W.AA1.S.P.S
apian,EH1.P.IY0.AH0.N
birds,B.ER1.D.Z
another,AH0.N.AH1.DH.ER0
turtles,T.ER1.T.AH0.L.Z
save,S.EY1.V
shine,SH.AY1.N
flick,F.L.IH1.K
fellow,F.EH1.L.OW0
steam,S.T.IY1.M
plow_horse,P.L.AW1.HH.AO1.R.S
ape,EY1.P
altitude,AE1.L.T.AH0.T.UW2.D
bed_bugs,B.EH1.D.B.AH1.G.Z
shish_kabob,SH.IH1.SH.K.AH0.B.AA1.B
squiggle,S.K.W.IH1.G.AH0.L
ambidextrous,AE2.M.B.IH0.D.EH1.K.S.T.R.AH0.S
porcupine,P.AO1.R.K.Y.AH0.P.AY2.N
jersey_cow,JH.ER1.Z.IY0.K.AW1
collie,K.AA1.L.IY0
studa,S.T.Y.UW1.D.AH0
seize,S.IY1.Z
swishy,S.W.IH1.SH.IY0
auction,AO1.K.SH.AH0.N
samba,S.AA1.M.B.AH0
finger_potato,F.IH1.NG.G.ER0.P.AH0.T.EY1.T.OW2
camel,K.AE1.M.AH0.L
silt,S.IH1.L.T
adjudicate,AH0.JH.UW1.D.IH0.K.EY2.T
cocker,K.AA1.K.ER0
synchrony,S.IH1.NG.K.R.AH0.N.IY0
protozoa,P.R.OW2.T.AH0.Z.OW1.AH0
filter,F.IH1.L.T.ER0
salacious,S.AH0.L.EY1.SH.AH0.S
follicle,F.AA1.L.IH0.K.AH0.L
trout,T.R.AW1.T
supper,S.AH1.P.ER0
killer_whale,K.IH1.L.ER0.HH.W.EY1.L
lettuce,L.EH1.T.AH0.S
warthog,W.AA2.R.T.HH.AA1.G
franc,F.R.AE1.NG.K
fang,F.AE1.NG
abscess,AE1.B.S.EH2.S
coral_snake,K.AO1.R.AH0.L.S.N.EY1.K
seance,S.EY1.AA2.N.S
gazelles,G.AH0.Z.EH1.L.Z
white_onion,HH.W.AY1.T.AH1.N.Y.AH0.N
kale,K.EY1.L
sometimes,S.AH1.M.T.AY2.M.Z
guanaco,G.W.AH0.N.AA1.K.OW2
scene,S.IY1.N
steward,S.T.UW1.ER0.D
stolen,S.T.OW1.L.AH0.N
feel,F.IY1.L
scintillate,S.IH1.N.T.IH0.L.EH0.T
ginger,JH.IH1.N.JH.ER0
synthesize,S.IH1.N.TH.AH0.S.AY2.Z
gobo_root,G.OW1.B.OW0.R.UW1.T.R.UW1.T
atomic,AH0.T.AA1.M.IH0.K
america,AH0.M.EH1.R.IH0.K.AH0
supple,S.AH1.P.AH0.L
support,S.AH0.P.AO1.R.T
pointer,P.OY1.N.T.ER0
carp,K.AA1.R.P
sooner,S.UW1.N.ER0
peanuts,P.IY1.N.AH2.T.S
freestyling,F.R.IY1.S.T.AY2.L.IH0.NG
gorilla,G.ER0.IH1.L.AH0
argon,AA1.R.G.AA2.N
fugitive,F.Y.UW1.JH.IH0.T.IH0.V
often,AO1.F.T.AH0.N
archie,AA1.R.CH.IY0
apocalypse,AH0.P.AA1.K.AH0.L.IH2.P.S
ham,HH.AE1.M
california_jay,K.AE2.L.AH0.F.AO1.R.N.Y.AH0.JH.EY1
sewage,S.UW1.IH0.JH
sir,S.ER1
subcutaneous,S.AH0.B.K.Y.UW0.T.EH1.N.IY0.UH0.S
single,S.IH1.NG.G.AH0.L
fade,F.EY1.D
sizzle,S.IH1.Z.AH0.L
swarm,S.W.AO1.R.M
aft,AE1.F.T
bean,B.IY1.N
albino,AE2.L.B.AY1.N.OW0
at,AE1.T
chives,CH.AY1.V.Z
lima_bean,L.IY1.M.AH0.B.IY1.N
fritos,F.R.IY1.T.OW0.Z
acutate,AE1.K.Y.UW0.T.EH0.T
fleet,F.L.IY1.T
frill,F.R.IH1.L
meerkat,M.IY1R.K.AE0.T
mint,M.IH1.N.T
fox,F.AA1.K.S
seagull,S.IY1.G.AH2.L
stye,S.T.AY1
azerbaijan,AE2.Z.ER0.B.AY0.JH.AA1.N
grape,G.R.EY1.P
fable,F.EY1.B.AH0.L
sitting,S.IH1.T.IH0.NG
sanctify,S.AE1.NG.K.T.AH0.F.AY2
oregano,ER0.EH1.G.AH0.N.OW0
leopards,L.EH1.P.ER0.D.Z
accounting,AH0.K.AW1.N.IH0.NG
settle,S.EH1.T.AH0.L
airbus,EH1.R.B.AH0.S
advertize,AE2.D.V.ER0.T.AY1.Z
paso_fino_horse,P.AE1.S.OW0.F.IY1.N.OW0.HH.AO1.R.S
newt,N.UW1.T
aerial,EH1.R.IY0.AH0.L
sapped,S.AE1.P.T
fetter,F.EH1.T.ER0
fundamental,F.AH2.N.D.AH0.M.EH1.N.AH0.L
green_cabbage,G.R.IY1.N.K.AE1.B.IH0.JH
festivity,F.EH0.S.T.IH1.V.AH0.T.IY0
bok_choy,B.AA1.K.CH.OY1
phantasmagorical,F.AE0.N.T.AE1.Z.M.AH0.G.OW2.R.AH0.K.AH0.L
tomatillos,T.OW0.M.AH0.T.IY1.Y.OW0.Z
frankness,F.R.AE1.NG.K.N.AH0.S
alphabet,AE1.L.F.AH0.B.EH2.T
forte,F.AO1.R.T
foamite,F.OW1.M.AY0.T
arouse,ER0.AW1.Z
abridged,AH0.B.R.IH1.JH.D
september,S.EH2.P.T.EH1.M.B.ER0
flower_beetle,F.L.AW1.ER0.B.IY1.T.AH0.L
fatal,F.EY1.T.AH0.L
flower,F.L.AW1.ER0
red_potatoes,R.EH1.D.P.AH0.T.EY1.T.OW0.Z
section,S.EH1.K.SH.AH0.N
blue_heron,B.L.UW1.HH.EH1.R.AH0.N
still,S.T.IH1.L
some_other,S.AH1.M.AH1.DH.ER0
solace,S.OW1.L.IH0.S
sunny,S.AH1.N.IY0
stripes,S.T.R.AY1.P.S
fallow_deer,F.AE1.L.OW2.D.IH1.R
pomeranian,P.AA2.M.ER0.EY1.N.IY0.AH0.N
stitch,S.T.IH1.CH
sex,S.EH1.K.S
sherry,SH.EH1.R.IY0
series,S.IH1.R.IY0.Z
fret,F.R.EH1.T
snow_pea,S.N.OW1.P.IY1
cane,K.EY1.N
zucchini_squash,Z.UW0.K.IY1.N.IY0.S.K.W.AA1.SH
sesame,S.EH1.S.AH0.M.IY0
duck,D.AH1.K
cilantro,S.IH0.L.AE1.N.T.R.OW0
adhesive,AE2.D.HH.IY1.S.IH0.V
sacred,S.EY1.K.R.IH0.D
folio,F.OW1.L.IY0.OW0
forge,F.AO1.R.JH
storks,S.T.OW1.R.K.S
grasshopper,G.R.AE1.S.HH.AA2.P.ER0
abase,AH0.B.EH1.S
beatles,B.IY1.T.AH0.L.Z
peking_cabbage,P.IY1.K.IH1.NG.K.AE1.B.IH0.JH
safely,S.EY1.F.L.IY0
sun,S.AH1.N
species,S.P.IY1.SH.IY0.Z
ambulance,AE1.M.B.Y.AH0.L.AH0.N.S
set,S.EH1.T
seals,S.IY1.L.Z
basil,B.AE1.Z.AH0.L
slat,S.L.AE1.T
plum,P.L.AH1.M
finished,F.IH1.N.IH0.SH.T
sail,S.EY1.L
natives,N.EY1.T.IH0.V.Z
sleeze,S.L.IY1.Z
speed,S.P.IY1.D
sip,S.IH1.P
avenue,AE1.V.AH0.N.UW2
ships,SH.IH1.P.S
saucer,S.AO1.S.ER0
foretell,F.AO0.R.T.EH1.L
white_squash,HH.W.AY1.T.S.K.W.AA1.SH
six,S.IH1.K.S
salve,S.AA1.V
said,S.EH1.D
black_bears,B.L.AE1.K.B.EH1.R.Z
faulkner,F.AO1.K.N.ER0
surprise,S.AH0.P.R.AY1.Z
somewhere,S.AH1.M.W.EH2.R
swamps,S.W.AO1.M.P.S
beef_cow,B.IY1.F.K.AW1
synthetic,S.IH0.N.TH.EH1.T.IH0.K
fault,F.AO1.L.T
anal,EY1.N.AH0.L
antifreeze,AE1.N.T.IY0.F.R.IY2.Z
fed,F.EH1.D
anti,AE1.N.T.AY0
sextuplet,S.EH2.K.S.T.AH1.P.L.IH0.T
bengal,B.EH1.NG.G.AH0.L
flow,F.L.OW1
asia,EY1.ZH.AH0
folly,F.AA1.L.IY0
salsa,S.AO1.L.S.AH0
access,AE1.K.S.EH2.S
amazon,AE1.M.AH0.Z.AA2.N
amiable,EY1.M.IY0.AH0.B.AH0.L
satisfaction,S.AE2.T.IH0.S.F.AE1.K.SH.AH0.N
syllable,S.IH1.L.AH0.B.AH0.L
milk,M.IH1.L.K
anxiety,AE2.NG.Z.AY1.AH0.T.IY0
accost,AH0.K.AO1.S.T
amend,AH0.M.EH1.N.D
fume,F.Y.UW1.M
milk_cows,M.IH1.L.K.K.AW1.Z
stent,S.T.EH1.N.T
sensible,S.EH1.N.S.AH0.B.AH0.L
shin,SH.IH1.N
stepmom,S.T.EH1.P.M.AA1.M
acceptance,AE2.K.S.EH1.P.T.AH0.N.S
lotus_leaf,L.OW1.T.AH0.S.L.IY1.F
regular_pig,R.EY1.G.Y.AH0.L.ER0.P.IH1.G
allergic,AH0.L.ER1.JH.IH0.K
forgive,F.AO0.R.G.IH1.V
grizzly,G.R.IH1.Z.L.IY0
semi_-_conscious,S.IH1.M.IY0.K.AA1.N.CH.UH0.S
hippopotamus,HH.IH2.P.AH0.P.AA1.T.AH0.M.AH0.S
groundhogs,G.R.AW2.N.D.HH.AA1.G.Z
financial,F.AY2.N.AE1.N.SH.AH0.L
red_pepper,R.EH1.D.P.EH1.P.ER0
sout,S.AW1.T
jelly_fish,JH.EH1.L.IY0.F.IH1.SH
albinos,AE0.L.B.AY1.N.OW0.Z
sparrow,S.P.EH1.R.OW0
autograph,AO1.T.AH0.G.R.AE2.F
astronomical,AE2.S.T.R.AH0.N.AA1.M.IH0.K.AH0.L
singular,S.IH1.NG.G.Y.AH0.L.ER0
aluminum,AH0.L.UW1.M.AH0.N.AH0.M
flop,F.L.AA1.P
boisenberry,B.OY1.Z.AH0.N.B.EH1.R.IY0
absence,AE1.B.S.AH0.N.S
stairways,S.T.EH1.R.W.EY2.Z
sally,S.AE1.L.IY0
iguana,AY2.G.W.AA1.N.AH0
antelopes,AE2.N.T.AH0.L.OW1.P.S
swan,S.W.AO1.N
fum,F.AH1.M
factory,F.AE1.K.T.ER0.IY0
storm,S.T.AO1.R.M
regular_potatoes,R.EY1.G.Y.AH0.L.ER0.P.AH0.T.EY1.T.OW0.Z
soil,S.OY1.L
spaniel,S.P.AE1.N.Y.AH0.L
alabama,AE0.L.AH0.B.AE1.M.AH0
sophomore,S.AA1.F.M.AO2.R
woodpecker,W.UH1.D.P.EH2.K.ER0
statistic,S.T.AH0.T.IH1.S.T.IH0.K
surmise,S.ER0.M.AY1.Z
freeman,F.R.IY1.M.AH0.N
sobbing,S.AA1.B.IH0.NG
scooter,S.K.UW1.T.ER0
feck,F.EH1.K
porpoise,P.AO1.R.P.AH0.S
mutt,M.AH1.T
boar,B.AO1.R
antidote,AE1.N.IH0.D.OW2.T
flavor,F.L.EY1.V.ER0
purple_pea,P.ER1.P.AH0.L.P.IY1
soothe,S.UW1.DH
singer,S.IH1.NG.ER0
hog,HH.AA1.G
sovereign,S.AA1.V.R.AH0.N
stove,S.T.OW1.V
white_beans,HH.W.AY1.T.B.IY1.N.Z
sing,S.IH1.NG
film,F.IH1.L.M
sofa,S.OW1.F.AH0
arc,AA1.R.K
forearm,F.AO1.R.AA2.R.M
someone,S.AH1.M.W.AH2.N
amazons,AE1.M.AH0.Z.AA2.N.Z
green_squash,G.R.IY1.N.S.K.W.AA1.SH
beavers,B.IY1.V.ER0.Z
great_dane,G.R.EY1.T.D.EY1.N
shift,SH.IH1.F.T
afuera,AH0.F.W.EH1.R.AH0
salmon,S.AE1.M.AH0.N
cucumber,K.Y.UW1.K.AH0.M.B.ER0
donkey,D.AO1.NG.K.IY0
quail,K.W.EY1.L
alligator,AE1.L.AH0.G.EY2.T.ER0
barracuda,B.EH2.R.AH0.K.UW1.D.AH0
antagonism,AE2.N.T.AE1.G.AH0.N.IH2.Z.AH0.M
chili,CH.IH1.L.IY0
jungle,JH.AH1.NG.G.AH0.L
after,AE1.F.T.ER0
jicama,H.IH1.K.AH0.M.AH0
swashbuckling,S.W.AA1.SH.B.AH2.K.L.IH0.NG
slay,S.L.EY1
fuschia,F.Y.UW1.SH.AH0
flexible,F.L.EH1.K.S.AH0.B.AH0.L
black-eyed_beans,B.L.AE1.K.AY1.D.B.IY1.N.Z.B.IY1.N.Z
applesauce,AE1.P.AH0.L.S.AO2.S
stroke,S.T.R.OW1.K
find,F.AY1.N.D
scallions,S.K.AE1.L.Y.AH0.N.Z
skip,S.K.IH1.P
sonnet,S.AA1.N.IH0.T
forever,F.ER0.EH1.V.ER0
suck,S.AH1.K
function,F.AH1.NG.K.SH.AH0.N
sheer,SH.IH1.R
capers,K.EY1.P.ER0.Z
fife,F.AY1.F
alley,AE1.L.IY0
shout,SH.AW1.T
wood_lice,W.UH1.D.L.AY1.S
raspberries,R.AE1.Z.B.EH2.R.IY0.Z
lemon,L.EH1.M.AH0.N
former,F.AO1.R.M.ER0
absinthe,AE1.B.S.IH0.N.TH
bluejay,B.L.UW1.JH.EY2
turnip,T.ER1.N.AH0.P
facilitate,F.AH0.S.IH1.L.AH0.T.EY2.T
cole_slaw,K.OW1.L.S.L.AO1
sift,S.IH1.F.T
box,B.AA1.K.S
abominable,AH0.B.AA1.M.AH0.N.AH0.B.AH0.L
cattle,K.AE1.T.AH0.L
sierra,S.IY0.EH1.R.AH0
sweet_pepper,S.W.IY1.T.P.EH1.P.ER0
shiver,SH.IH1.V.ER0
album,AE1.L.B.AH0.M
jalapenos,HH.AH0.L.AH0.P.EY1.N.Y.OW0.Z
fustoubin,F.AH0.S.T.UW1.B.IH0.N
swell,S.W.EH1.L
spoil,S.P.OY1.L
chickens,CH.IH1.K.AH0.N.Z
strike,S.T.R.AY1.K
sacrament,S.AE1.K.R.AH0.M.AH0.N.T
faddle,F.AE1.D.AH0.L
irish_potato,AY1.R.IH0.SH.P.AH0.T.EY1.T.OW2
amuse,AH0.M.Y.UW1.Z
apprentice,AH0.P.R.EH1.N.T.IH0.S
faucet,F.AO1.S.AH0.T
fandango,F.AE0.N.D.AE1.NG.G.OW2
antipathy,AE2.N.T.IH1.P.AH0.TH.IY0
fortunately,F.AO1.R.CH.UW0.N.AH0.T.L.IY0
fulsome,F.UH1.L.S.AH0.M
alfalfa_sprout,AE2.L.F.AE1.L.F.AH0.S.P.R.AW1.T
signing,S.AY1.N.IH0.NG
silence,S.AY1.L.AH0.N.S
accomplish,AH0.K.AA1.M.P.L.IH0.SH
sheeps,SH.IY1.P.S
greens,G.R.IY1.N.Z
forensic,F.AO2.R.EH1.N.S.IH0.K
acquaintance,AH0.K.W.EY1.N.T.AH0.N.S
stake,S.T.EY1.K
sang,S.AE1.NG
sling,S.L.IH1.NG
serenade,S.EH2.R.AH0.N.EY1.D
freed,F.R.IY1.D
referral,R.IH0.F.ER1.AH0.L
apropos,AE2.P.R.AH0.P.OW1
rye,R.AY1
arrive,ER0.AY1.V
earthworms,ER1.TH.W.ER2.M.Z
ashen,AE1.SH.AH0.N
turkeys,T.ER1.K.IY0.Z
archetype,AA1.R.K.IH0.T.AY2.P
olive,AA1.L.IH0.V
grasshoppers,G.R.AE1.S.HH.AA2.P.ER0.Z
satisfactory,S.AE2.T.IH0.S.F.AE1.K.T.ER0.IY0
aid,EY1.D
sloppy,S.L.AA1.P.IY0
sexy,S.EH1.K.S.IY0
syllogism,S.IH2.L.AH0.JH.IH1.Z.AH0.M
asset,AE1.S.EH2.T
grits,G.R.IH1.T.S
banana_pepper,B.AH0.N.AE1.N.AH0.P.EH1.P.ER0
bunnies,B.AH1.N.IY0.Z
soy,S.OY1
salubrious,S.AH0.L.UW1.B.R.IH0.AH0.S
allure,AH0.L.UH1.R
anachronism,AH0.N.AE1.K.R.AH0.N.IH2.Z.AH0.M
grass,G.R.AE1.S
shortly,SH.AO1.R.T.L.IY0
surrey,S.ER1.IY0
oranges,AO1.R.IH0.N.JH.IH0.Z
freakish,F.R.IY1.K.IH0.SH
furious,F.Y.UH1.R.IY0.AH0.S
slape,S.L.EY1.P
attic,AE1.T.IH0.K
yukon_gold_potato,Y.UW1.K.AA2.N.G.OW1.L.D.P.AH0.T.EY1.T.OW2
flame,F.L.EY1.M
avatar,AE1.V.AH0.T.AA2.R
furnish,F.ER1.N.IH0.SH
floral,F.L.AO1.R.AH0.L
am,AE1.M
failing,F.EY1.L.IH0.NG
farber,F.AA1.R.B.ER0
accountant,AH0.K.AW1.N.T.AH0.N.T
roebuck,R.OW1.B.AH2.K
yellow_peppers,Y.EH1.L.OW0.P.EH1.P.ER0.Z
raccoon,R.AE2.K.UW1.N
sensational,S.EH2.N.S.EY1.SH.AH0.N.AH0.L
automatic,AO2.T.OW0.M.AE1.T.IH0.K
asleep,AH0.S.L.IY1.P
frisbee,F.R.IH1.S.B.IY0
syllables,S.IH1.L.AH0.B.AH0.L.Z
shoot,SH.UW1.T
old,OW1.L.D
finagle,F.IH0.N.EY1.G.AH0.L
cockateel,K.AA1.K.AH0.T.IY0.L
seamstress,S.IY1.M.S.T.R.IH0.S
egret,IY1.G.R.AH0.T
fool,F.UW1.L
smother,S.M.AH1.DH.ER0
singing,S.IH1.NG.IH0.NG
form,F.AO1.R.M
man,M.AE1.N
samurai,S.AE1.M.ER0.AY2
doughnut,D.OW1.N.AH2.T
alzheimer's,AA1.T.S.Z.HH.AY2.M.ER0.Z
admire,AE2.D.M.AY1.R
alike,AH0.L.AY1.K
jaguar,JH.AE1.G.W.AA2.R
apart,AH0.P.AA1.R.T
arroway,AE1.R.OW0.W.EH0
kitty,K.IH1.T.IY0
anthem,AE1.N.TH.AH0.M
sixteen,S.IH0.K.S.T.IY1.N
abscond,AE2.B.S.K.AA1.N.D
bok_choi,B.AA1.K.CH.OY1
shill,SH.IH1.L
scan,S.K.AE1.N
adduce,AE0.D.Y.UW1.S
antitoxin,AE2.N.T.IY0.T.AA1.K.S.AH0.N
father_in_law,F.AA1.DH.ER0.IH1.N.L.AA1
stuff,S.T.AH1.F
strawberry,S.T.R.AO1.B.EH2.R.IY0
penguins,P.EH1.NG.G.W.AH0.N.Z
collies,K.AA1.L.IY0.Z
street,S.T.R.IY1.T
sob,S.AA1.B
authentic,AO2.TH.EH1.N.IH0.K
stun,S.T.AH1.N
roosters,R.UW1.S.T.ER0.Z
aides,EY1.D.Z
anime,AE1.N.AH0.M.EH0
pork_and_beans,P.AO1.R.K.AE1.N.D.B.IY1.N.Z
altimeter,AE2.L.T.IH1.M.AH0.T.ER0
shiner,SH.AY1.N.ER0
assertive,AH0.S.ER1.T.IH0.V
lorikeet,L.OW1.R.AH0.K.IY2.T
wax_peas,W.AE1.K.S.P.IY1.Z
staff,S.T.AE1.F
application,AE2.P.L.AH0.K.EY1.SH.AH0.N
raven,R.EY1.V.AH0.N
from,F.ER0.M
dandelion,D.AE1.N.D.AH0.L.AY2.AH0.N
crocodiles,K.R.AA1.K.AH0.D.AY2.L.Z
arabia,ER0.EY1.B.IY0.AH0
autumn,AO1.T.AH0.M
anger,AE1.NG.G.ER0
auntie,AO1.N.T.IY0
steer,S.T.IH1.R
indri,IH1.N.JH.R.IY0
snowboard,S.N.OW1.B.AO2.R.D
somewhile,S.AH1.M.W.AY0.L
floorplan,F.L.OW1.R.P.L.AE0.N
adverb,AE1.D.V.ER0.B
panda_bear,P.AE1.N.D.AH0.B.EH1.R
hot_peppers,HH.AA1.T.P.EH1.P.ER0.Z
formica,F.ER0.M.AY1.K.AH0
french_vanilla,F.R.IH1.N.CH.V.AH0.N.IH1.L.AH0.V.AH0.N.IH1.L.AH0
afghanistan,AE0.F.G.AE1.N.IH0.S.T.AE0.N
pole_bean,P.OW1.L.B.IY1.N
stock,S.T.AA1.K
strum,S.T.R.AH1.M
fitness,F.IH1.T.N.AH0.S
follow,F.AA1.L.OW0
software,S.AO1.F.W.EH2.R
cougars,K.UW1.G.ER0.Z
poodles,P.UW1.D.AH0.L.Z
fulfill,F.UH0.L.F.IH1.L
subterranean,S.AH2.B.T.ER0.EY1.N.IY0.AH0.N
slick,S.L.IH1.K
armadillos,AA2.R.M.AH0.D.IH1.L.OW0.Z
birds_of_prey,B.ER1.D.Z.AH0.V.P.R.EY1
ale,EY1.L
jalapeno,HH.AH0.L.AH0.P.EY1.N.Y.OW0
since,S.IH1.N.S
arsenal,AA1.R.S.AH0.N.AH0.L
chilis,CH.IH1.L.IY0.Z
seaside,S.IY1.S.AY2.D
stoke,S.T.OW1.K
airplanes,EH1.R.P.L.EY0.N.Z
insect,IH1.N.S.EH2.K.T
sigh,S.AY1
sinkhole,S.IH1.NG.K.HH.OW2.L
assist,AH0.S.IH1.S.T
lynx,L.IH1.NG.K.S
weasel,W.IY1.Z.AH0.L
animal,AE1.N.AH0.M.AH0.L
amount,AH0.M.AW1.N.T
somewhat,S.AH2.M.W.AH1.T
ewe,Y.UW1
alimony,AE1.L.AH0.M.OW2.N.IY0
saline,S.AH0.L.IY1.N
oryx,AO1.R.IH0.K.S
flapjack,F.L.AE1.P.JH.AE2.K
acclaim,AH0.K.L.EY1.M
serial,S.IH1.R.IY0.AH0.L
snot,S.N.AO1.T
fell,F.EH1.L
stag_beetle,S.T.AE1.G.B.IY1.T.AH0.L
semi_-_annual,S.IH1.M.IY0.AE1.N.Y.UW0.AH0.L
lentils,L.EH1.N.T.AH0.L.Z
fern,F.ER1.N
situate,S.IH1.CH.UW0.EY2.T
farm,F.AA1.R.M
adolescent,AE2.D.OW0.L.EH1.S.AH0.N.T
suspicious,S.AH0.S.P.IH1.SH.AH0.S
sacks,S.AE1.K.S
horses,HH.AO1.R.S.IH0.Z
halibut,HH.AE1.L.AH0.B.AH0.T
snap_pea,S.N.AE1.P.P.IY1
wheat,HH.W.IY1.T
flush,F.L.AH1.SH
peaches,P.IY1.CH.IH0.Z
sincerely,S.IH0.N.S.IH1.R.L.IY0
squirt,S.K.W.ER1.T
award,AH0.W.AO1.R.D
abuela,AH0.B.W.EY1.L.AH0
rape,R.EY1.P
croc,K.R.AA1.K
equines,IY1.K.W.AY0.N.Z
systematic,S.IH2.S.T.AH0.M.AE1.T.IH0.K
fiesta,F.IY0.EH1.S.T.AH0
fried,F.R.IY1.D
guinea_pig,G.IH1.N.IY0.P.IH1.G
red_carrots,R.EH1.D.K.EH1.R.AH0.T.S
wax_bean,W.AE1.K.S.B.IY1.N
atmore,AE1.T.M.OW0.ER0
scrap,S.K.R.AE1.P
edamame,EH0.D.AH0.M.AA1.M.EH0
purple_peas,P.ER1.P.AH0.L.P.IY1.Z
seasoning,S.IY1.Z.AH0.N.IH0.NG
scarf,S.K.AA1.R.F
great_ape,G.R.EY1.T.EY1.P
flung,F.L.AH1.NG
bananas,B.AH0.N.AE1.N.AH0.Z
lima,L.IY1.M.AH0
pea_bean,P.IY1.B.IY1.N
brown_bear,B.R.AW1.N.B.EH1.R
stunt,S.T.AH1.N.T
flock,F.L.AA1.K
strange,S.T.R.EY1.N.JH
fly,F.L.AY1
octopus,AA1.K.T.AH0.P.UH2.S
sentry,S.EH1.N.T.R.IY0
seabass,S.IY1.B.AE0.S
anvil,AE1.N.V.AH0.L
selling,S.EH1.L.IH0.NG
aprobation,AE1.P.R.OW0.B.EY2.SH.AH0.N
mules,M.Y.UW1.L.Z
sleep,S.L.IY1.P
affirmative,AH0.F.ER1.M.AH0.T.IH0.V
falling,F.AA1.L.IH0.NG
send,S.EH1.N.D
dove,D.OW1.V
tadpole,T.AE1.D.P.OW2.L
abbreviation,AH0.B.R.IY2.V.IY0.EY1.SH.AH0.N
sauerkraut,S.AW1.ER0.K.R.AW2.T
sadly,S.AE1.D.L.IY0
sophia,S.OW1.F.IY0.AH0
effrontery,IH0.F.R.AH1.N.T.ER0.IY0
feudal,F.Y.UW1.D.AH0.L
samuel,S.AE1.M.Y.UW0.L
ambient,AE1.M.B.IY0.AH0.N.T
amphibian,AE2.M.F.IH1.B.IY0.AH0.N
somersault,S.AH1.M.ER0.S.AO2.L.T
fuse,F.Y.UW1.Z
koala_bear,K.OW0.AA1.L.AH0.B.EH1.R
giraffes,JH.ER0.AE1.F.S
afit,AH0.F.IH1.T
amateur,AE1.M.AH0.CH.ER2
aloft,AH0.L.AO1.F.T
fauna,F.AO1.N.AH0
along,AH0.L.AO1.NG
pear,P.EH1.R
astride,AH0.S.T.R.AY1.D
jack_cheese,JH.AE1.K.CH.IY1.Z
silver,S.IH1.L.V.ER0
butter,B.AH1.T.ER0
sound,S.AW1.N.D
slash,S.L.AE1.SH
chipotle_peppers,CH.IY0.P.OW1.T.L.EY0.P.EH1.P.ER0.Z.P.EH1.P.ER0.Z
foul,F.AW1.L
hippos,HH.IH1.P.OW0.Z
specie,S.P.IY1.SH.IY0
butterfly,B.AH1.T.ER0.F.L.AY2
fielded,F.IY1.L.D.IH0.D
fibula,F.IH1.B.Y.AH0.L.AH0
apparel,AH0.P.EH1.R.AH0.L
sanguine,S.AE1.NG.G.W.IH0.N
slingshot,S.L.IH1.NG.SH.AA2.T
submarine,S.AH2.B.M.ER0.IY1.N
functionable,F.AH1.N.K.SH.AH0.N.AH0.B.AH0.L
aren't,AA1.R.AH0.N.T
stink_bomb,S.T.IH1.NG.K.B.AO1.M
auditorium,AO2.D.AH0.T.AO1.R.IY0.AH0.M
ladybugs,L.EY1.D.IY0.B.AH2.G.Z
stars,S.T.AA1.R.Z
fiend,F.IY1.N.D
shearer,SH.IY1.R.ER0
cherries,CH.EH1.R.IY0.Z
fog,F.AO1.G
broccoli,B.R.AA1.K.AH0.L.IY0
stinky,S.T.IH1.NG.K.IY0
false,F.AO1.L.S
alter,AO1.L.T.ER0
sprout,S.P.R.AW1.T
anti-communist,AE1.N.T.IY0.K.AA1.M.Y.UW0.N.IH0.S.T
furtive,F.ER1.T.IH0.V
kelp,K.EH1.L.P
calf,K.AE1.F
ambivalent,AE2.M.B.IH1.V.AH0.L.AH0.N.T
sport,S.P.AO1.R.T
shutter,SH.AH1.T.ER0
pecan,P.IY1.K.AA2.N
tarpon,T.AA1.R.P.AH0.N
file,F.AY1.L
faggot,F.AE1.G.AH0.T
synopticon,S.IH0.N.AA1.P.T.IH0.K.AA0.N
soliloquy,S.AH0.L.IH1.L.AH0.K.W.IY0
fortune,F.AO1.R.CH.UW0.N
frank,F.R.AE1.NG.K
caper,K.EY1.P.ER0
crane,K.R.EY1.N
roly_poly,R.OW1.L.IY0.P.OW1.L.IY0.P.AA1.L.IY0
shop,SH.AA1.P
funding,F.AH1.N.D.IH0.NG
ambulate,AE1.M.B.Y.UW0.L.EH0.T
face,F.EY1.S
accessible,AE2.K.S.EH1.S.AH0.B.AH0.L
oysters,OY1.S.T.ER0.Z
assimilate,AH0.S.IH1.M.AH0.L.EY2.T
circa,S.ER1.K.AH0
red_cabbage,R.EH1.D.K.AE1.B.IH0.JH
papaya,P.AH0.P.AY1.AH0
flirty,F.L.ER0.T.IY0
amoxycillin,AH0.M.AA1.K.S.AH0.S.IH2.L.IH0.N
fraying,F.R.EY1.IH0.NG
yellow_tomatoes,Y.EH1.L.OW0.T.AH0.M.AA1.T.OW0.Z
sabertooth,S.EH1.B.ER0.T.UW1.TH
fratricide,F.R.AE1.T.R.AH0.S.AY2.D
franciscan,F.R.AE0.N.S.IH1.S.K.AH0.N
apricot,EY1.P.R.AH0.K.AA2.T
awake,AH0.W.EY1.K
fob,F.AO1.B
acoustic,AH0.K.UW1.S.T.IH0.K
flamboyant,F.L.AE0.M.B.OY1.AH0.N.T
tick,T.IH1.K
mockingbird,M.AA1.K.IH0.NG.B.ER2.D
forward,F.AO1.R.W.ER0.D
fart,F.AA1.R.T
accurate,AE1.K.Y.ER0.AH0.T
fracture,F.R.AE1.K.SH.ER0
surreptitious,S.ER2.AH0.P.T.IH1.SH.AH0.S
forty,F.AO1.R.T.IY0
forage,F.AO1.R.IH0.JH
across,AH0.K.R.AO1.S
accident,AE1.K.S.AH0.D.AH0.N.T
articles,AA1.R.T.IH0.K.AH0.L.Z
source,S.AO1.R.S
arterial,AA2.R.T.IH1.R.IY0.AH0.L
foxtrot,F.AA1.K.S.T.R.AA0.T
bear,B.EH1.R
brussels,B.R.AH1.S.AH0.L.Z
canaries,K.AH0.N.EH1.R.IY0.Z
fur_coat,F.ER1.K.OW1.T
acknown,AE0.K.N.OW1.N
sardines,S.AA0.R.D.IY1.N.Z
families,F.AE1.M.L.IY0.Z
flippant,F.L.IH1.P.AH0.N.T
camels,K.AE1.M.AH0.L.Z
airforce,EH1.R.F.AO2.R.S
fruity,F.R.UW1.T.IY0
capybara,K.EY1.P.IY0.B.AA2.R.AH0
acquiesce,AE2.K.W.IY0.EH1.S
dung_beetle,D.AH1.NG.B.IY1.T.AH0.L
flute,F.L.UW1.T
flying_lemur,F.L.AY1.IH0.NG.L.IY1.M.ER0
qual,K.W.AA1.L
saying,S.EY1.IH0.NG
great_auk,G.R.EY1.T.G.R.EY1.T.AO1.K
flicker,F.L.IH1.K.ER0
chocho,CH.OW1.CH.OW0
sequential,S.AH0.K.W.EH1.N.CH.AH0.L
axle,AE1.K.S.AH0.L
flatten,F.L.AE1.T.AH0.N
fossil,F.AA1.S.AH0.L
swine,S.W.AY1.N
bell_pepper,B.EH1.L.P.EH1.P.ER0
slain,S.L.EY1.N
sample,S.AE1.M.P.AH0.L
tuna,T.UW1.N.AH0
subtotal,S.AH0.B.T.OW1.T.AH0.L
bream,B.R.IY1.M
frugal,F.R.UW1.G.AH0.L
soot,S.UH1.T
affectionate,AH0.F.EH1.K.SH.AH0.N.IH0.T
snake,S.N.EY1.K
spaghetti_squash,S.P.AH0.G.EH1.T.IY0.S.K.W.AA1.SH
sonic_boom,S.AA1.N.IH0.K.B.UW1.M
peacock,P.IY1.K.AA2.K
sky,S.K.AY1
spice,S.P.AY1.S
pelican,P.EH1.L.AH0.K.AH0.N
goats,G.OW1.T.S
futile,F.Y.UW1.T.AH0.L
slim,S.L.IH1.M
pepinos,P.EH0.P.IY1.N.OW0.S
forsake,F.AO0.R.S.EY1.K
vegetable,V.EH1.JH.T.AH0.B.AH0.L
bugs,B.AH1.G.Z
facial,F.EY1.SH.AH0.L
placoderms,P.L.AE1.K.AH0.D.ER0.M.Z
feet,F.IY1.T
feral,F.EH1.R.AH0.L
woodchuck,W.UH1.D.CH.AH2.K
sandbag,S.AE1.N.D.B.AE2.G
apples,AE1.P.AH0.L.Z
chickpeas,CH.IH1.K.P.IY0.Z
siren,S.AY1.R.AH0.N
acute,AH0.K.Y.UW1.T
ducks,D.AH1.K.S
amnesia,AE2.M.N.IY1.ZH.AH0
appaloosa,AE0.P.AH0.L.UW1.S.AH0
reptiles,R.EH1.P.T.AY0.L.Z
solid,S.AA1.L.AH0.D
frankfurt,F.R.AE1.NG.K.F.ER0.T
hairy_gourd,HH.EH1.R.IY0.G.AO1.R.D
fusion,F.Y.UW1.ZH.AH0.N
associate,AH0.S.OW1.SH.IY0.EY2.T
toads,T.OW1.D.Z
fork,F.AO1.R.K
all_through,AO1.L.TH.R.UW1
surk,S.ER1.K
saturate,S.AE1.CH.ER0.EY2.T
fling,F.L.IH1.NG
kudus,K.UW1.D.UW0.Z
flourish,F.L.ER1.IH0.SH
asian,EY1.ZH.AH0.N
slice,S.L.AY1.S
kidney_beans,K.IH1.D.N.IY0.B.IY1.N.Z
alamo,AE1.L.AH0.M.OW0
apprehend,AE2.P.R.IH0.HH.EH1.N.D
succinct,S.AH0.K.S.IH1.NG.K.T
significant,S.IH0.G.N.IH1.F.IH0.K.AH0.N.T
amphitheater,AE1.M.F.AH0.TH.IY2.AH0.T.ER0
afear,AH0.F.IY1.R
align,AH0.L.AY1.N
hounds,HH.AW1.N.D.Z
appreciated,AH0.P.R.IY1.SH.IY0.EY2.T.IH0.D
eagle,IY1.G.AH0.L
veg,arugula coded as intrusion-- why?
ailing,EY1.L.IH0.NG
allcare,AA1.L.K.EH1.R
anonymous,AH0.N.AA1.N.AH0.M.AH0.S
fidgeting,F.IH1.JH.AH0.T.IH0.NG
fad,F.AE1.D
yellow_bell_peppers,Y.EH1.L.OW0.B.EH1.L.P.EH1.P.ER0.Z
buck,B.AH1.K
nuts,N.AH1.T.S
surely,SH.UH1.R.L.IY0
spire,S.P.AY1.R
fuzz,F.AH1.Z
possum,P.AA1.S.AH0.M
arrogance,EH1.R.AH0.G.AH0.N.S
fallen,F.AA1.L.AH0.N
susanna,S.UW0.Z.AE1.N.AH0
surrender,S.ER0.EH1.N.D.ER0
filth,F.IH1.L.TH
mosquitos,M.AH0.S.K.IY1.T.OW0.Z
simple,S.IH1.M.P.AH0.L
fenugreek,F.EH1.N.UW0.G.R.IY2.K
string_bean,S.T.R.IH1.NG.B.IY1.N
skunk,S.K.AH1.NG.K
black_bean,B.L.AE1.K.B.IY1.N
sorteo,S.OW0.R.T.EH1.OW0
adenoid,AE1.D.AH0.N.OY2.D.Z
appalling,AH0.P.AO1.L.IH0.NG
herd,HH.ER1.D
forthright,F.AO1.R.TH.R.AY1.T
sable,S.EY1.B.AH0.L
airport,EH1.R.P.AO2.R.T
collie_dogs,K.AA1.L.IY0.D.AO1.G.Z
chameleons,K.AH0.M.IY1.L.Y.AH0.N.Z
guinea,G.IH1.N.IY0
snide,S.N.AY1.D
seventeen,S.EH2.V.AH0.N.T.IY1.N
anyplace,EH1.N.IY0.P.L.EY2.S
wild_boar,W.AY1.L.D.B.AO1.R
cocker_spaniel,K.AA1.K.ER0.S.P.AE1.N.Y.AH0.L
hot_pepper,HH.AA1.T.P.EH1.P.ER0
suppose,S.AH0.P.OW1.Z
ain't,EY1.N.T
actual,AE1.K.SH.AH0.L
skirt,S.K.ER1.T
amen,AA2.M.EH1.N
sedative,S.EH1.D.AH0.T.IH0.V
red_beets,R.EH1.D.B.IY1.T.S
green_pepper,G.R.IY1.N.P.EH1.P.ER0
skyscraper,S.K.AY1.S.K.R.EY2.P.ER0
afro,AE1.F.R.OW0
strung,S.T.R.AH1.NG
sissy,S.IH1.S.IY0
anew,AH0.N.Y.UW1
nectarine,N.EH1.T.AH0.R.IY0.N
flight,F.L.AY1.T
sighed,S.AY1.D
bird,B.ER1.D
soup,S.UW1.P
fie,F.AY1
snort,S.N.AO1.R.T
aphrodisiac,AE2.F.R.OW0.D.IY1.Z.IY0.AE2.K
flib,F.L.IH1.B
subsequent,S.AH1.B.S.AH0.K.W.AH0.N.T
guineas,G.IH1.N.IY0.Z
soulful,S.OW1.L.F.AH0.L
avoid,AH0.V.OY1.D
polar_bears,P.OW1.L.ER0.B.EH1.R.Z
fulcrum,F.UH1.L.K.R.AH0.M
appeal,AH0.P.IY1.L
stow,S.T.OW1
doe,D.OW1
fifth,F.IH1.F.TH
shot,SH.AA1.T
gnu,N.UW1
guernsey_cow,G.ER1.N.Z.IY0.K.AW1
scrumptious,S.K.R.AH1.M.P.SH.UH0.S
ecru,EH1.K.R.UW0
formaldehyde,F.ER0.M.AE1.L.D.AH0.HH.AY2.D
society,S.AH0.S.AY1.AH0.T.IY0
fictitious,F.IH0.K.T.IH1.SH.AH0.S
scapegoat,S.K.EY1.P.G.OW2.T
auburn,AO1.B.ER0.N
animosity,AE2.N.AH0.M.AA1.S.AH0.T.IY0
asteroid,AE1.S.T.ER0.OY2.D
coyote,K.AY2.OW1.T.IY0
pumas,P.UW1.M.AH0.Z
katydid,K.EY1.T.IY0.D.IH2.D
irish_setter,AY1.R.IH0.SH.S.EH1.T.ER0
amaze,AH0.M.EY1.Z
sickle,S.IH1.K.AH0.L
spin,S.P.IH1.N
fixture,F.IH1.K.S.CH.ER0
fudge,F.AH1.JH
fragile,F.R.AE1.JH.AH0.L
blackbird,B.L.AE1.K.B.ER0.D
allege,AH0.L.EH1.JH
salt,S.AO1.L.T
apex,EY1.P.EH2.K.S
wolves,W.UH1.L.V.Z
fortress,F.AO1.R.T.R.AH0.S
serious,S.IH1.R.IY0.AH0.S
flax,F.L.AE1.K.S
blue_eyed_peas,B.L.UW1.AY1.D.P.IY1.Z
cabbage,K.AE1.B.IH0.JH
suerte,S.W.EH1.R.T.EH0
mountain_lion,M.AW1.N.T.AH0.N.L.AY1.AH0.N
fawn,F.AO1.N
sustain,S.AH0.S.T.EY1.N
fidelity,F.AY2.D.EH1.L.AH0.T.IY0
scree,S.K.R.IY1
apartment,AH0.P.AA1.R.T.M.AH0.N.T
lemurs,L.IY1.M.ER0.Z
dill,D.IH1.L
systems,S.IH1.S.T.AH0.M.Z
limes,L.AY1.M.Z
coral,K.AO1.R.AH0.L
full,F.UH1.L
shove,SH.AH1.V
shamble,SH.AE1.M.B.AH0.L
sent,S.EH1.N.T
anticipate,AE2.N.T.IH1.S.AH0.P.EY2.T
arduous,AA1.R.JH.UW0.AH0.S
cockatoo,K.AA1.K.AH0.T.UW2
fill,F.IH1.L
aquarium,AH0.K.W.EH1.R.IY0.AH0.M
festival,F.EH1.S.T.IH0.V.AH0.L
beetle,B.IY1.T.AH0.L
flipper,F.L.IH1.P.ER0
colts,K.OW1.L.T.S
alderman,AE1.L.D.ER0.M.AH0.N
phantom,F.AE1.N.AH0.M
bamboo_shoots,B.AE0.M.B.UW1.SH.UW1.T.S
any,EH1.N.IY0
fresco,F.R.EH1.S.K.OW0
fur,F.ER1
shore,SH.AO1.R
grapes,G.R.EY1.P.S
accumulate,AH0.K.Y.UW1.M.Y.AH0.L.EY2.T
sudden,S.AH1.D.AH0.N
symbol,S.IH1.M.B.AH0.L
tern,T.ER1.N
alfalfa_sprouts,AE2.L.F.AE1.L.F.AH0.S.P.R.AW1.T.S
ala,AH1.L.AH0
enable,EH2.N.EY1.B.AH0.L
fuss,F.AH1.S
collard,K.AA1.L.ER0.D
baboon,B.AH0.B.UW1.N
anarchy,AE1.N.ER0.K.IY0
agoraphobia,AH0.G.AO2.R.AH0.F.OW1.B.IY0.AH0
mahi-mahi,M.AA1.H.IY0.M.AA1.H.IY0
idaho_potato,AY1.D.AH0.HH.OW2.P.AH0.T.EY1.T.OW2
eggs,EH1.G.Z
sideway,S.AY1.D.W.EY0
astonish,AH0.S.T.AA1.N.IH0.SH
amazing,AH0.M.EY1.Z.IH0.NG
cardinals,K.AA1.R.D.AH0.N.AH0.L.Z
folklore,F.OW1.K.L.AO2.R
fit,F.IH1.T
yams,Y.AE1.M.Z
forth,F.AO1.R.TH
sense,S.EH1.N.S
southern,S.AH1.DH.ER0.N
appalachian,AE2.P.AH0.L.AE1.CH.AH0.N
sensitive,S.EH1.N.S.IH0.T.IH0.V
atrocious,AH0.T.R.OW1.SH.AH0.S
cats,K.AE1.T.S
superb,S.UH2.P.ER1.B
shingle,SH.IH1.NG.G.AH0.L
solitude,S.AA1.L.AH0.T.UW2.D
fry,F.R.AY1
nauseous,N.AO1.SH.AH0.S
servant,S.ER1.V.AH0.N.T
abdomen,AE2.B.D.OW1.M.AH0.N
abject,AE1.B.JH.EH2.K.T
safety,S.EY1.F.T.IY0
antler,AE1.N.T.L.ER0
ox,AA1.K.S
abbot,AE1.B.AH0.T
sinclair,S.IH0.NG.K.L.EY1.ER0
ferris,F.EH1.R.IH0.S
spray,S.P.R.EY1
suberate,S.UW1.B.ER0.EH0.T
sunk,S.AH1.NG.K
able,EY1.B.AH0.L
filigree,F.IH1.L.AH0.G.R.IY2
amorphous,AH0.M.AO1.R.F.AH0.S
picadilly,P.IH2.K.AH0.D.IH1.L.IY0
fiscal,F.IH1.S.K.AH0.L
pilot_whale,P.AY1.L.AH0.T.HH.W.EY1.L
guinea_pigs,G.IH1.N.IY0.P.IH1.G.Z
sweet_potato,S.W.IY1.T.P.AH0.T.EY2.T.OW0
faintly,F.EY1.N.T.L.IY0
grapefruit,G.R.EY1.P.F.R.UW2.T
trees,T.R.IY1.Z
sat,S.AE1.T
airline,EH1.R.L.AY2.N
savory,S.EY1.V.ER0.IY0
sign,S.AY1.N
lentil,L.EH1.N.T.AH0.L
perch,P.ER1.CH
spit,S.P.IH1.T
sparrows,S.P.EH1.R.OW0.Z
cereals,S.IH1.R.IY0.AH0.L.Z
eland,IY1.L.AH0.N.D
wildcats,W.AY1.L.D.K.AE2.T.S
alight,AH0.L.AY1.T
crustaceans,K.R.AH0.S.T.EY1.SH.AH0.N.Z
alumnus,AH0.L.AH1.M.N.AH0.S
zebras,Z.IY1.B.R.AH0.Z
geese,G.IY1.S
crookneck_squash,K.R.UH1.K.N.EH0.K.S.K.W.AA1.SH.S.K.W.AA1.SH
adore,AH0.D.AO1.R
effort,EH1.F.ER0.T
hens,HH.EH1.N.Z
feed,F.IY1.D
spear,S.P.IH1.R
artist,AA1.R.T.IH0.S.T
ticks,T.IH1.K.S
fritter,F.R.IH1.T.ER0
celery,S.EH1.L.ER0.IY0
pole_beans,P.OW1.L.B.IY1.N.Z
action,AE1.K.SH.AH0.N
astronaut,AE1.S.T.R.AH0.N.AA2.T
artisan,AA1.R.T.AH0.Z.AH0.N
step,S.T.EH1.P
acne,AE1.K.N.IY0
simper,S.IH1.M.P.ER0
fission,F.IH1.SH.AH0.N
filthy,F.IH1.L.TH.IY0
stank,S.T.AE1.NG.K
adams,AE1.D.AH0.M.Z
slop,S.L.AA1.P
famine,F.AE1.M.AH0.N
coyotes,K.AY1.OW0.T.S
abacus,AE1.B.AH0.K.AH0.S
formulate,F.AO1.R.M.Y.AH0.L.EY2.T
foolish,F.UW1.L.IH0.SH
pumpkin,P.AH1.M.P.K.IH0.N
shrub,SH.R.AH1.B
anguish,AE1.NG.G.W.IH0.SH
california_whale,K.AE2.L.AH0.F.AO1.R.N.Y.AH0.HH.W.EY1.L
soap,S.OW1.P
sacral,S.EH1.K.R.AH0.L
dinosaur,D.AY1.N.AH0.S.AO2.R
alpha,AE1.L.F.AH0
self,S.EH1.L.F
tortoise,T.AO1.R.T.AH0.S
sneeze,S.N.IY1.Z
frigidair,F.R.IH1.JH.IH0.D.EY0.R
above,AH0.B.AH1.V
studio,S.T.UW1.D.IY0.OW0
scare,S.K.EH1.R
storage,S.T.AO1.R.IH0.JH
hare,HH.EH1.R
scalpel,S.K.AE1.L.P.AH0.L
fishes,F.IH1.SH.IH0.Z
red_bell_peppers,R.EH1.D.B.EH1.L.P.EH1.P.ER0.Z
pickles,P.IH1.K.AH0.L.Z
sangria,S.AE0.NG.G.R.IY1.AH0
woman,W.UH1.M.AH0.N
south,S.AW1.TH
milk_cow,M.IH1.L.K.K.AW1
sonic,S.AA1.N.IH0.K
susan,S.UW1.Z.AH0.N
available,AH0.V.EY1.L.AH0.B.AH0.L
farkle,F.AA1.R.K.AH0.L
kumquat,K.AH1.M.K.W.AA0.T
attempt,AH0.T.EH1.M.P.T
aspiration,AE2.S.P.ER0.EY1.SH.AH0.N
affect,AH0.F.EH1.K.T
sassafrass,S.AE1.S.AH0.F.R.AE0.S
sympathy,S.IH1.M.P.AH0.TH.IY0
squab,S.K.W.AA1.B
france,F.R.AE1.N.S
grizzly_bear,G.R.IH1.Z.L.IY0.B.EH1.R
aver,EY1.V.ER0
fiduciary,F.AH0.D.UW1.SH.IY0.EH2.R.IY0
farther,F.AA1.R.DH.ER0
ammonia,AH0.M.OW1.N.Y.AH0
farmington,F.AA1.R.M.IH0.NG.T.AH0.N
lima_beans,L.IY1.M.AH0.B.IY1.N.Z
fate,F.EY1.T
frappe,F.R.AE0.P.EY1
satiate,S.EH1.SH.IH0.EH0.T
fastidious,F.AE0.S.T.IH1.D.IY0.AH0.S
addict,AE1.D.IH2.K.T
ram,R.AE1.M
lambs,L.AE1.M.Z
structure,S.T.R.AH1.K.CH.ER0
fugle,F.Y.UW1.G.AH0.L
musk,M.AH1.S.K
satisfy,S.AE1.T.IH0.S.F.AY2
acclimate,AE1.K.L.AH0.M.EY2.T
shaker,SH.EY1.K.ER0
cake,K.EY1.K
fake,F.EY1.K
tomatoes,T.AH0.M.AA1.T.OW0.Z
font,F.AA1.N.T
sand_crab,S.AE1.N.D.K.R.AE1.B
tangerine,T.AE2.N.JH.ER0.IY1.N
assert,AH0.S.ER1.T
amp,AE1.M.P
amplify,AE1.M.P.L.AH0.F.AY2
salary,S.AE1.L.ER0.IY0
fantasy,F.AE1.N.AH0.S.IY0
ski,S.K.IY1
antioch,AE1.N.T.IY0.AA2.K
wax_beans,W.AE1.K.S.B.IY1.N.Z
abstraction,AE2.B.S.T.R.AE1.K.SH.AH0.N
final,F.AY1.N.AH0.L
sardinia,S.AA0.R.D.IY1.N.IY0.AH0
solidify,S.AH0.L.IH1.D.AH0.F.AY2
funk,F.AH1.NG.K
story,S.T.AO1.R.IY0
fried_potatoes,F.R.IY1.D.P.AH0.T.EY1.T.OW0.Z
bees,B.IY1.Z
fruitcake,F.R.UW1.T.K.EY2.K
shade,SH.EY1.D
appropriate,AH0.P.R.OW1.P.R.IY0.EY2.T
accessory,AE2.K.S.EH1.S.ER0.IY0
legumes,L.EH1.G.Y.UW2.M.Z
sensation,S.EH2.N.S.EY1.SH.AH0.N
foist,F.OY1.S.T
chimpanzee,CH.IH0.M.P.AE1.N.Z.IY0
failed,F.EY1.L.D
brussels_sprout,B.R.AH1.S.AH0.L.Z.S.P.R.AW1.T
surly,S.ER1.L.IY0
escarole,EH0.S.K.AH0.R.OW1.L
subtle,S.AH1.T.AH0.L
scarcely,S.K.EH1.R.S.L.IY0
seasonal,S.IY1.Z.AH0.N.AH0.L
argot,AA1.R.G.AH0.T
asper_gum,AE1.S.P.ER0.G.AH1.M
sardine,S.AA0.R.D.IY1.N
aspirin,AE1.S.P.R.IH0.N
awning,AA1.N.IH0.NG
seems,S.IY1.M.Z
sucks,S.AH1.K.S
serene,S.ER0.IY1.N
atom,AE1.T.AH0.M
folk,F.OW1.K
ostrich,AO1.S.T.R.IH0.CH
stride,S.T.R.AY1.D
fort,F.AO1.R.T
lady_peas,L.EY1.D.IY0.P.IY1.Z
syllabus,S.IH1.L.AH0.B.AH0.S
substantial,S.AH0.B.S.T.AE1.N.SH.AH0.L
admonition,AE2.D.M.AH0.N.IH1.SH.AH0.N
sen,S.EH1.N.AH0.T.ER0
fantasize,F.AE1.N.AH0.S.AY2.Z
fired,F.AY1.ER0.D
angry,AE1.NG.G.R.IY0
alarm,AH0.L.AA1.R.M
fowls,F.AW1.L.Z
atlanta,AH0.T.L.AE1.N.AH0
corn,K.AO1.R.N
figment,F.IH1.G.M.IH0.N.T
anxious,AE1.NG.K.SH.AH0.S
fear,F.IH1.R
bibb_lettuce,B.IH1.B.L.EH1.T.AH0.S
seagulls,S.IY1.G.AH2.L.Z
alexis,AH0.L.EH1.K.S.IH0.S
scroll,S.K.R.OW1.L
anagram,AE1.N.AH0.G.R.AE2.M
serum,S.IH1.R.AH0.M
absurd,AH0.B.S.ER1.D
rodents,R.OW1.D.AH0.N.T.S
seat,S.IY1.T
lion,L.AY1.AH0.N
scientific,S.AY2.AH0.N.T.IH1.F.IH0.K
awful,AO1.F.AH0.L
snow_leopard,S.N.OW1.L.EH1.P.ER0.D
abut,AH0.B.AH1.T
bunny,B.AH1.N.IY0
foleyjn,F.OW0.L.EY1.N
sorted,S.AO1.R.T.IH0.D
somebody,S.AH1.M.B.AA2.D.IY0
bald_eagle,B.AO1.L.D.IY1.G.AH0.L
split,S.P.L.IH1.T
rats,R.AE1.T.S
mice,M.AY1.S
wallaby,W.AA1.L.AH0.B.IY0
swallow,S.W.AO1.L.OW0
astute,AH0.S.T.UW1.T
alchemy,AE1.L.K.AH0.M.IY0
errand,EH1.R.AH0.N.D
butter_pea,B.AH1.T.ER0.P.IY1
nectarines,N.EH1.T.AH0.R.IY0.N.Z
salvage,S.AE1.L.V.IH0.JH
pheasant,F.EH1.Z.AH0.N.T
arctic,AA1.R.T.IH0.K
salamander,S.AE2.L.AH0.M.AE1.N.D.ER0
mango,M.AE1.NG.G.OW0
adairville,EY2.D.EY0.R.V.IH0.L
freeze,F.R.IY1.Z
pelicans,P.EH1.L.IH0.K.AH0.N.Z
alto,AE1.L.T.OW0
cannellini_bean,K.AE1.N.AH0.L.IY2.N.IY0.B.IY1.N.B.IY1.N
saw,S.AO1
mule_deer,M.Y.UW1.L.D.IH1.R
forget,F.AO0.R.G.EH1.T
front,F.R.AH1.N.T
furniture,F.ER1.N.IH0.CH.ER0
alcohol,AE1.L.K.AH0.HH.AA2.L
acrimony,AE1.K.R.IH0.M.OW2.N.IY0
forehand,F.AO1.R.HH.AE2.N.D
foggy,F.AA1.G.IY0
afar,AH0.F.AA1.R
hippo,HH.IH1.P.OW0
cauliflower,K.AA1.L.AH0.F.L.AW2.ER0
setting,S.EH1.T.IH0.NG
eat,IY1.T
saccharine,S.AE1.K.ER0.AY2.N
phone,F.OW1.N
children,CH.IH1.L.D.R.AH0.N
fab,F.AE1.B
select,S.AH0.L.EH1.K.T
safeway,S.EY1.F.W.EY2
softball,S.AO1.F.B.AO2.L
bacteria,B.AE0.K.T.IH1.R.IY0.AH0
lions,L.AY1.AH0.N.Z
grain,G.R.EY1.N
allele,AH0.L.IY1.L
osprey,AO1.S.P.R.IY0
fruit,F.R.UW1.T
soothing,S.UW1.DH.IH0.NG
shrimp,SH.R.IH1.M.P
fava_beans,F.AA1.V.AH0.B.IY1.N.Z
forgetful,F.ER0.G.EH1.T.F.AH0.L
tomatillo,T.OW0.M.AH0.T.IY1.Y.OW0
superfluous,S.UW1.P.ER0.F.L.UW0.AH2.S
sane,S.EY1.N
assume,AH0.S.UW1.M
ampersand,AE1.M.P.ER0.S.AE2.N.D
frost,F.R.AO1.S.T
summer,S.AH1.M.ER0
fib,F.IH1.B
stick,S.T.IH1.K
scion,S.AY1.AH0.N
stocks,S.T.AA1.K.S
feeling,F.IY1.L.IH0.NG
fleece,F.L.IY1.S
stew,S.T.UW1
analogy,AH0.N.AE1.L.AH0.JH.IY0
afterward,AE1.F.T.ER0.W.ER0.D
failure,F.EY1.L.Y.ER0
saran_wrap,S.ER0.AE1.N.R.AE1.P
ponys,P.OW1.N.IY0.Z
squid,S.K.W.IH1.D
vicuna,V.IH0.K.Y.UW1.N.AH0
fought,F.AO1.T
splurge,S.P.L.ER1.JH
slander,S.L.AE1.N.D.ER0
stump,S.T.AH1.M.P
site,S.AY1.T
leaf_lettuce,L.IY1.F.L.EH1.T.AH0.S
filibuster,F.IH1.L.AH0.B.AH2.S.T.ER0
freezing,F.R.IY1.Z.IH0.NG
chickadees,CH.IH2.K.AH0.D.IY1.Z
actin,AE1.K.T.AH0.N
anecdote,AE1.N.AH0.K.D.OW2.T
elands,IY1.L.AH0.N.D.Z
crayfish,K.R.EY1.F.IH0.SH
white_rats,HH.W.AY1.T.R.AE1.T.S
string,S.T.R.IH1.NG
appetite,AE1.P.AH0.T.AY2.T
summer_squash,S.AH1.M.ER0.S.K.W.AA1.SH
airborne,EH1.R.B.AO2.R.N
assure,AH0.SH.UH1.R
asparagus,AH0.S.P.EH1.R.AH0.G.AH0.S
afluke,AH0.F.L.UW1.K
bandicoot,B.AE1.N.D.IY0.K.UW2.T
succumb,S.AH0.K.AH1.M
work,W.ER1.K
summons,S.AH1.M.AH0.N.Z
fag,F.AE1.G
applique,AE1.P.L.AH0.K.EH0
tangerines,T.AE1.N.JH.ER0.IY2.N.Z
fantasia,F.AE0.N.T.EY1.ZH.AH0
spurious,S.P.ER1.IY0.AH0.S
speak,S.P.IY1.K
frequency,F.R.IY1.K.W.AH0.N.S.IY0
cemetery,S.EH1.M.IH0.T.EH2.R.IY0
caribou,K.EH1.R.IH0.B.UW2
sow_bug,S.OW1.B.AH1.G
apologize,AH0.P.AA1.L.AH0.JH.AY2.Z
blackberry,B.L.AE1.K.B.EH2.R.IY0
synthesis,S.IH1.N.TH.AH0.S.AH0.S
fierce,F.IH1.R.S
anybody,EH1.N.IY0.B.AH0.D.IY0
fend,F.EH1.N.D
parsnip,P.AA1.R.S.N.IH0.P
san_francisco,S.AE1.N.F.R.AE0.N.S.IH0.S.K.OW0.S.AE1.N.F.R.AE0.N.S.IH0.S.K.OW0
shirk,SH.ER1.K
swarms,S.W.AO1.R.M.Z
swift,S.W.IH1.F.T
session,S.EH1.SH.AH0.N
filmy,F.IH1.L.M.IY0
shorthand,SH.AO1.R.T.HH.AE2.N.D
afterwards,AE1.F.T.ER0.W.ER0.D.Z
sincere,S.IH0.N.S.IH1.R
agoing,AH0.G.OW1.IH0.NG
pigs,P.IH1.G.Z
stool,S.T.UW1.L
light,L.AY1.T
scissors,S.IH1.Z.ER0.Z
sloth,S.L.OW1.TH
aromas,ER0.OW1.M.AH0.Z
aflang,AH0.F.L.AE1.NG
finial,F.IH1.N.IY0.AH0.L
shih-tzu,SH.IY1.T.S.UW0
physical,F.IH1.Z.IH0.K.AH0.L
formula,F.AO1.R.M.Y.AH0.L.AH0
saliva,S.AH0.L.AY1.V.AH0
anchovy,AE2.N.CH.OW1.V.IY0
sleeping,S.L.IY1.P.IH0.NG
afraid,AH0.F.R.EY1.D
snakes,S.N.EY1.K.S
archeology,AA2.R.K.IY0.AA1.L.AH0.JH.IY0
hound_dog,HH.AW1.N.D.D.AO1.G
hummingbird,HH.AH1.M.IH0.NG.B.ER2.D
shoe,SH.UW1
flown,F.L.OW1.N
seen,S.IY1.N
salivate,S.AE1.L.AH0.V.EY2.T
sunday,S.AH1.N.D.EY0
apple,AE1.P.AH0.L
beagle,B.IY1.G.AH0.L
agree,AH0.G.R.IY1
wildebeast,W.IH0.L.D.AH.B.IY1.S.T
racoon,R.AE0.K.UW1.N
forgot,F.AO0.R.G.AA1.T
festive,F.EH1.S.T.IH0.V
calves,K.AE1.V.Z
supply,S.AH0.P.L.AY1
aspen,AE1.S.P.AH0.N
fatigue,F.AH0.T.IY1.G
frail,F.R.EY1.L
crowder_peas,K.R.AW1.D.ER0.P.IY1.Z
amplifier,AE1.M.P.L.AH0.F.AY2.ER0
alfred,AE1.L.F.R.EH0.D
accrue,AH0.K.R.UW1
louse,L.AW1.S
flay,F.L.EY1
fix,F.IH1.K.S
doves,D.AH1.V.Z
foretold,F.AO0.R.T.OW1.L.D
sand,S.AE1.N.D
fighting,F.AY1.T.IH0.NG
steep,S.T.IY1.P
faster,F.AE1.S.T.ER0
ascertain,AE2.S.ER0.T.EY1.N
kumquats,K.AH1.M.K.W.AA0.T.S
assassinate,AH0.S.AE1.S.AH0.N.EY2.T
scent,S.EH1.N.T
sharp,SH.AA1.R.P
dogs,D.AO1.G.Z
frat,F.R.AE1.T
shaft,SH.AE1.F.T
llama,L.AA1.M.AH0
falcon,F.AE1.L.K.AH0.N
freezer,F.R.IY1.Z.ER0
redtail_hawk,R.EH1.D.T.EY0.L.HH.AO1.K.HH.AO1.K
kholrabi,K.OW0.L.R.AA1.B.IY0
lime,L.AY1.M
somehow,S.AH1.M.HH.AW2
chimp_monkey,CH.IH1.M.P.M.AH1.NG.K.IY0
actuate,AE1.K.CH.UW0.W.EY2.T
advertisement,AE2.D.V.ER0.T.AY1.Z.M.AH0.N.T
boston_lettuce,B.AO1.S.T.AH0.N.L.EH1.T.AH0.S
rutabaga,R.UW1.T.AH0.B.EY0.G.AH0
abyss,AH0.B.IH1.S
scale,S.K.EY1.L
kangaroos,K.AE2.NG.G.ER0.UW1.Z
spite,S.P.AY1.T
pea,P.IY1
aide,EY1.D
crawfish,K.R.AO1.F.IH2.SH
savvy,S.AE1.V.IY0
seasonings,S.IY1.Z.AH0.N.IH0.NG.Z
floofy,F.L.UW1.F.IY0
security,S.IH0.K.Y.UH1.R.AH0.T.IY0
coendu,K.OW0.EH1.N.D.UW0
attitude,AE1.T.AH0.T.UW2.D
mosquitoes,M.AH0.S.K.IY1.T.OW0.Z
fishing_rod,F.IH1.SH.IH0.NG.R.AA1.D
fleeting,F.L.IY1.T.IH0.NG
advertise,AE1.D.V.ER0.T.AY2.Z
splash,S.P.L.AE1.SH
blueberry,B.L.UW1.B.EH2.R.IY0
skirret,S.K.IH1.R.EH0.T
ant,AE1.N.T
satin,S.AE1.T.AH0.N
millet,M.IH1.L.AH0.T
ascension,AH0.S.EH1.N.SH.AH0.N
aunts,AO1.N.T.S
sought,S.AO1.T
savor,S.EY1.V.ER0
holstein_cow,HH.OW1.L.S.T.IY2.N.K.AW1
bobcat,B.AA1.B.K.AE2.T
smoky,S.M.OW1.K.IY0
assistant,AH0.S.IH1.S.T.AH0.N.T
annex,AE1.N.EH2.K.S
shear,SH.IH1.R
semester,S.AH0.M.EH1.S.T.ER0
rapini,R.AH0.P.IY1.N.IY0
cheetah,CH.IY1.T.AH0
fondle,F.AO1.N.D.AH0.L
water_buffalo,W.AO1.T.ER0.B.AH1.F.AH0.L.OW2
sieve,S.IH1.V
flyer,F.L.AY1.ER0
butterflies,B.AH1.T.ER0.F.L.AY2.Z
aroma,ER0.OW1.M.AH0
legume,L.EH1.G.Y.UW2.M
race_horse,R.EY1.S.HH.AO1.R.S
chinchilla,CH.IH0.N.CH.IH1.L.AH0
adapt,AH0.D.AE1.P.T
baboons,B.AH0.B.UW1.N.Z
fickle,F.IH1.K.AH0.L
green_peppers,G.R.IY1.N.P.EH1.P.ER0.Z
salvation,S.AE2.L.V.EY1.SH.AH0.N
fiber,F.AY1.B.ER0
affix,AE1.F.IH0.K.S
solicit,S.AH0.L.IH1.S.IH0.T
fiery,F.AY1.ER0.IY0
sassafras,S.AE1.S.AH0.F.R.AE2.S
absent,AE1.B.S.AH0.N.T
flew,F.L.UW1
guavas,G.W.AA1.V.AH0.Z
red_beans,R.EH1.D.B.IY1.N.Z
altruistic,AO2.L.T.R.UW0.IH1.S.T.IH0.K
sea_lion,S.IY1.L.AY1.AH0.N
ants,AE1.N.T.S
abbey,AE1.B.IY0
stark,S.T.AA1.R.K
accelerate,AE2.K.S.EH1.L.ER0.EY2.T
aardvark,AA1.R.D.V.AA0.R.K
affliction,AH0.F.L.IH1.K.SH.AH0.N
sweet_potatoes,S.W.IY1.T.P.AH0.T.EY1.T.OW0.Z
further,F.ER1.DH.ER0
authority,AH0.TH.AO1.R.AH0.T.IY0
founding,F.AW1.N.D.IH0.NG
snore,S.N.AO1.R
samantha,S.AH0.M.AE1.N.TH.AH0
simplicity,S.IH0.M.P.L.IH1.S.IH0.T.IY0
aerospace,EH1.R.OW0.S.P.EY2.S
fearful,F.IH1.R.F.AH0.L
dachshund,D.AA1.K.S.HH.UH2.N.D
fortuitous,F.AO0.R.T.UW1.IH0.T.AH0.S
giant_ground_sloth,JH.AY1.AH0.N.T.G.R.AW1.N.D.S.L.OW1.TH
leech,L.IY1.CH
roadrunner,R.OW1.D.R.AH2.N.ER0
say,S.EY1
sterile,S.T.EH1.R.AH0.L
fizzy,F.IH1.Z.IY0
buffalos,B.AH1.F.AH0.L.OW2.Z
lice,L.AY1.S
signs,S.AY1.N.Z
turkey,T.ER1.K.IY0
frankenstein,F.R.AE1.NG.K.AH0.N.S.T.IY2.N
beaver,B.IY1.V.ER0
stunning,S.T.AH1.N.IH0.NG
afterthought,AE1.F.T.ER0.TH.AO2.T
antiquity,AE2.N.T.IH1.K.W.AH0.T.IY0
sedentary,S.EH1.D.AH0.N.T.EH2.R.IY0
sold,S.OW1.L.D
strip,S.T.R.IH1.P
act,AE1.K.T
suspense,S.AH0.S.P.EH1.N.S
bluebirds,B.L.UW1.B.ER2.D.Z
beetroot,B.IY1.T.R.UW1.T
olives,AA1.L.IH0.V.Z
fantastic,F.AE0.N.T.AE1.S.T.IH0.K
autistic,AO2.T.IH1.S.T.IH0.K
fusassee,F.Y.UW0.S.AE1.S.IY0
finance,F.AY1.N.AE2.N.S
snow,S.N.OW1
pecans,P.AH0.K.AA1.N.Z
bulls,B.UH1.L.Z
syntax,S.IH1.N.T.AE2.K.S
foreign,F.AA1.R.AH0.N
staple,S.T.EY1.P.AH0.L
hedgehog,HH.EH1.JH.HH.AA2.G
red_potato,R.EH1.D.P.AH0.T.EY1.T.OW2
standing,S.T.AE1.N.D.IH0.NG
chicken,CH.IH1.K.AH0.N
advantage,AE2.D.V.AE1.N.IH0.JH
audition,AA2.D.IH1.SH.AH0.N
avocados,AE2.V.AH0.K.AA1.D.OW0.Z
cherimoya,CH.EH1.R.IY0.M.OY2.Y.AH0
sub,S.AH1.B
female,F.IY1.M.EY2.L
jackals,JH.AE1.K.AH0.L.Z
side,S.AY1.D
fargo,F.AA1.R.G.OW0
fluidometer,F.L.UW0.IH0.D.AA1.M.AH0.T.ER0
appreciate,AH0.P.R.IY1.SH.IY0.EY2.T
screwdriver,S.K.R.UW1.D.R.AY2.V.ER0
adder,AE1.D.ER0
finely,F.AY1.N.L.IY0
snap_bean,S.N.AE1.P.B.IY1.N
shape,SH.EY1.P
faint,F.EY1.N.T
bluebird,B.L.UW1.B.ER2.D
skating,S.K.EY1.T.IH0.NG
seattle,S.IY0.AE1.T.AH0.L
tree_shrew,T.R.IY1.CH.R.IY1.SH.R.UW1
rabbits,R.AE1.B.AH0.T.S
arm,AA1.R.M
afoot,AH0.F.UH1.T
secret,S.IY1.K.R.IH0.T
ferry,F.EH1.R.IY0
flamingo,F.L.AH0.M.IH1.NG.G.OW0
fare,F.EH1.R
sedation,S.AH0.D.EY1.SH.AH0.N
stout,S.T.AW1.T
chinese_peas,CH.AY0.N.IY1.Z.P.IY1.Z
ankle,AE1.NG.K.AH0.L
freaky,F.R.IY1.K.IY0
scram,S.K.R.AE1.M
altar,AO1.L.T.ER0
stubborn,S.T.AH1.B.ER0.N
sluice,S.L.UW1.S
peas,P.IY1.Z
sled,S.L.EH1.D
elks,EH1.L.K.S
placoderm,P.L.AE1.K.AH0.D.ER0.M
gherkin,G.ER1.K.IH0.N
ferris_wheel,F.EH1.R.IH0.S.HH.W.IY1.L
scowling,S.K.AW1.L.IH0.NG
fleas,F.L.IY1.Z
sullen,S.AH1.L.AH0.N
slippery,S.L.IH1.P.ER0.IY0
watermelons,W.AO1.T.ER0.M.EH2.L.AH0.N.Z
buzzards,B.AH1.Z.ER0.D.Z
siberian_tiger,S.AY0.B.IH1.R.IY0.AH0.N.T.AY1.G.ER0
swimming,S.W.IH1.M.IH0.NG
sensual,S.EH1.N.CH.UW0.AH0.L
eggplant,EH1.G.P.L.AE2.N.T
stunned,S.T.AH1.N.D
appraise,AH0.P.R.EY1.Z
archibald,AA1.R.CH.IH0.B.AA0.L.D
lizards,L.IH1.Z.ER0.D.Z
allergy,AE1.L.ER0.JH.IY0
siphon,S.AY1.F.AH0.N
stream,S.T.R.IY1.M
sedan,S.AH0.D.AE1.N
alwrong,AA0.L.R.AW1.NG
aqua,AA1.K.W.AH0
annoyed,AH0.N.OY1.D
andrew,AE1.N.D.R.UW0
aroused,ER0.AW1.Z.D
altima,AE1.L.T.IH0.M.AH0
anti_-_communist,AE1.N.T.IY0.K.AA1.M.Y.AH0.N.IH0.S.T
frisky,F.R.IH1.S.K.IY0
shelf,SH.EH1.L.F
sneaky,S.N.IY1.K.IY0
abide,AH0.B.AY1.D
bamboo_shoot,B.AE0.M.B.UW1.SH.UW1.T
brussels_sprouts,B.R.AH1.S.AH0.L.Z.S.P.R.AW1.T.S
eagles,IY1.G.AH0.L.Z
aftermath,AE1.F.T.ER0.M.AE2.TH
field,F.IY1.L.D
freak,F.R.IY1.K
surreal,S.ER0.IY1.L
bed_bug,B.EH1.D.B.AH1.G
spew,S.P.Y.UW1
addition,AH0.D.IH1.SH.AH0.N
abbott,AE1.B.AH0.T
actress,AE1.K.T.R.AH0.S
yam,Y.AE1.M
astound,AH0.S.T.AW1.N.D
steeple,S.T.IY1.P.AH0.L
kangaroo,K.AE2.NG.G.ER0.UW1
shave,SH.EY1.V
subsistence,S.AH0.B.S.IH1.S.T.AH0.N.S
hyena,HH.AY2.IY1.N.AH0
ail,EY1.L
axillary,AE2.K.S.AH0.L.AE1.R.IY0
sunrise,S.AH1.N.R.AY2.Z
aleve,AH0.L.IY1.V
arborage,AA1.R.B.ER0.AH0.JH
boston_bull,B.AO1.S.T.AH0.N.B.UH1.L
ache,EY1.K
sauna,S.AO1.N.AH0
stairs,S.T.EH1.R.Z
secant,S.IY1.K.AH0.N.T
seafish,S.IY1.F.IH1.SH
adamant,AE1.D.AH0.M.AH0.N.T
system,S.IH1.S.T.AH0.M
stammer,S.T.AE1.M.ER0
english_pea,IH1.NG.L.IH0.SH.P.IY1
stop,S.T.AA1.P
deer,D.IH1.R
oyster,OY1.S.T.ER0
suffocate,S.AH1.F.AH0.K.EY2.T
fodder,F.AA1.D.ER0
april,EY1.P.R.AH0.L
civet_cat,S.IH1.V.AH0.T.K.AE1.T
augment,AO2.G.M.EH1.N.T
asses,AE1.S.AH0.Z
stein,S.T.AY1.N
smooth,S.M.UW1.DH
lobster,L.AA1.B.S.T.ER0
soccer,S.AA1.K.ER0
silicone,S.IH1.L.AH0.K.OW2.N
antithetical,AE2.N.T.AH0.TH.EH1.T.IH0.K.AH0.L
fever,F.IY1.V.ER0
africa,AE1.F.R.IH0.K.AH0
somber,S.AA1.M.B.ER0
avarice,AE1.V.ER0.AH0.S
accidental,AE2.K.S.AH0.D.EH1.N.AH0.L
asymmetry,EY2.S.IH1.M.AH0.T.R.IY0
admonish,AE2.D.M.AA1.N.IH0.SH
slam,S.L.AE1.M
toad,T.OW1.D
athlete,AE1.TH.L.IY2.T
green_beans,G.R.IY1.N.B.IY1.N.Z
beets,B.IY1.T.S
koala_bears,K.OW0.AA1.L.AH0.B.EH1.R.Z
statue,S.T.AE1.CH.UW2
aphrodesiac,AE1.F.R.OW0.D.IY2.Z.IY0.AE0.K
monkeys,M.AH1.NG.K.IY0.Z
swat,S.W.AA1.T
radicchio,R.AH0.D.IY1.K.IY0.Y.OW0
scatter,S.K.AE1.T.ER0
symbolic,S.IH0.M.B.AA1.L.IH0.K
saddle,S.AE1.D.AH0.L
apostrophe,AH0.P.AA1.S.T.R.AH0.F.IY0
administer,AH0.D.M.IH1.N.AH0.S.T.ER0
lamp,L.AE1.M.P
walrus,W.AO1.L.R.AH0.S
fetish,F.EH1.T.IH0.SH
parrot,P.EH1.R.AH0.T
appalachian_mountains,AE0.P.AH0.L.EY1.CH.AH0.N.M.AW1.N.T.AH0.N.Z.M.AW1.N.T.AH0.N.Z
ask,AE1.S.K
firefly,F.AY1.ER0.F.L.AY2
floater,F.L.OW1.T.ER0
anatomy,AH0.N.AE1.T.AH0.M.IY0
baked_potatoes,B.EY1.K.T.P.AH0.T.EY1.T.OW0.Z
smart,S.M.AA1.R.T
friend,F.R.EH1.N
soda,S.OW1.D.AH0
factoid,F.AE1.K.T.OY0.D
free_swinging,F.R.IY1.S.W.IH1.NG.IH0.NG
stoop,S.T.UW1.P
surround,S.ER0.AW1.N.D
sorrow,S.AA1.R.OW0
anytime,EH1.N.IY0.T.AY2.M
sway,S.W.EY1
serve,S.ER1.V
abstract,AE2.B.S.T.R.AE1.K.T
snook,S.N.UH1.K
asterisk,AE1.S.T.ER0.IH0.S.K
familial,F.AH0.M.IH1.L.Y.AH0.L
irish_potatoes,AY1.R.IH0.SH.P.AH0.T.EY1.T.OW0.Z
reindeer,R.EY1.N.D.IH2.R
settled,S.EH1.T.AH0.L.D
foundation,F.AW0.N.D.EY1.SH.AH0.N
brussel_sprout,B.R.AH1.S.AH0.L.S.P.R.AW1.T
zucchinis,Z.UW0.K.IY1.N.IY0.Z
attire,AH0.T.AY1.ER0
antecedent,AE2.N.T.EH1.S.AH0.D.AH0.N.T
anyway,EH1.N.IY0.W.EY2
porcupines,P.AO1.R.K.Y.AH0.P.AY2.N.Z
aperative,AH0.P.EH1.R.AH0.T.IH0.V
salivary,S.AE1.L.AH0.V.ER0.IY0
switch,S.W.IH1.CH
flaw,F.L.AO1
cassava_melon,K.AH0.S.AA1.V.AH0.M.EH1.L.AH0.N.M.EH1.L.AH0.N
fiddle,F.IH1.D.AH0.L
shadow,SH.AE1.D.OW0
formicate,F.OW1.R.M.IH0.K.EY2.T
sordid,S.AO1.R.D.AH0.D
baked_beans,B.EY1.K.T.B.IY1.N.Z
shawl,SH.AO1.L
aisle,AY1.AH0.L
skis,S.K.IY1.Z
anthology,AE2.N.TH.AA1.L.AH0.JH.IY0
anyhow,EH1.N.IY0.HH.AW2
safety_net,S.EY1.F.T.IY0.N.EH1.T
green_lettuce,G.R.IY1.N.L.EH1.T.AH0.S
rhubarb,R.UW1.B.AA2.R.B
solve,S.AA1.L.V
panda,P.AE1.N.D.AH0
gorillas,G.ER0.IH1.L.AH0.Z
stupid,S.T.UW1.P.IH0.D
altogether,AO2.L.T.AH0.G.EH1.DH.ER0
fifteen,F.IH1.F.T.IY1.N
abuse,AH0.B.Y.UW1.Z
snuggly,S.N.AH1.G.L.IY0
tail,T.EY1.L
spoof,S.P.UW1.F
archway,AA1.R.CH.W.EY2
smash,S.M.AE1.SH
mite,M.AY1.T
solicitude,S.AH0.L.IH1.S.IH0.T.UW2.D
frolicking,F.R.AA1.L.IH0.K.IH0.NG
flawed,F.L.AO1.D
anthony,AE1.N.TH.AH0.N.IY0
arithmetic,EH2.R.IH0.TH.M.EH1.T.IH0.K
sunshine,S.AH1.N.SH.AY2.N
fink,F.IH1.NG.K
worm,W.ER1.M
frito,F.R.IY1.T.OW0
fumed,F.Y.UW1.M.D
slot,S.L.AA1.T
fringe,F.R.IH1.N.JH
dolphin,D.AA1.L.F.AH0.N
anorexia,AE2.N.ER0.EH1.K.S.IY0.AH0
swollen,S.W.OW1.L.AH0.N
polar_bear,P.OW1.L.ER0.B.EH1.R
angelic,AE2.N.JH.EH1.L.IH0.K
sag,S.AE1.G
fluid,F.L.UW1.IH0.D
ally,AE1.L.AY2
fair,F.EH1.R
state,S.T.EY1.T
fussy,F.AH1.S.IY0
anthropomorph,AE2.N.TH.R.OW0.P.OW0.M.OW1.R.F
apperceive,AE0.P.ER0.S.IY1.V
alaska,AH0.L.AE1.S.K.AH0
beet,B.IY1.T
lemur,L.IY1.M.ER0
acting,AE1.K.T.IH0.NG
santa,S.AE1.N.T.AH0
alabaster,AE1.L.AH0.B.AE2.S.T.ER0
serpent,S.ER1.P.AH0.N.T
feature,F.IY1.CH.ER0
ash,AE1.SH
accustomed,AH0.K.AH1.S.T.AH0.M.D
santa_claus,S.AE1.N.AH0.K.L.AO1.Z
sped,S.P.EH1.D
artwork,AA1.R.T.W.ER2.K
american,AH0.M.EH1.R.IH0.K.AH0.N
accordion,AH0.K.AO1.R.D.IY0.AH0.N
server,S.ER1.V.ER0
sweet_peas,S.W.IY1.T.P.IY1.Z
sewing_machine,S.OW1.IH0.NG.M.AH0.SH.IY1.N
sizzler,S.IH1.Z.L.ER0
succeed,S.AH0.K.S.IY1.D
simpleton,S.IH1.M.P.AH0.L.T.AH0.N
penguin,P.EH1.NG.G.W.AH0.N
architect,AA1.R.K.AH0.T.EH2.K.T
armoire,AA1.M.W.AA2.R
flowery,F.L.AW1.ER0.IY0
strengths,S.T.R.EH1.NG.TH.S
airshock,EH1.R.SH.AA0.K
aware,AH0.W.EH1.R
square,S.K.W.EH1.R
napa,N.AE1.P.AH0
analogous,AH0.N.AE1.L.AH0.G.AH0.S
shambles,SH.AE1.M.B.AH0.L.Z
freshen,F.R.EH1.SH.AH0.N
assignment,AH0.S.AY1.N.M.AH0.N.T
sandbar,S.AE1.N.D.B.AA2.R
oat,OW1.T
pears,P.EH1.R.Z
flat,F.L.AE1.T
sociopath,S.OW1.S.IY0.OW0.P.AE2.TH
suffer,S.AH1.F.ER0
lavender,L.AE1.V.AH0.N.D.ER0
salami,S.AH0.L.AA1.M.IY0
felicitous,F.IH0.L.IH1.S.AH0.T.AH0.S
farthest,F.AA1.R.DH.AH0.S.T
fanatical,F.AH0.N.AE1.T.IH0.K.AH0.L
macaw,M.AH0.K.AO1
locust,L.OW1.K.AH0.S.T
flea,F.L.IY1
flowing,F.L.OW1.IH0.NG
atlantis,AE0.T.L.AE1.N.IH0.S
alibi,AE1.L.AH0.B.AY2
raspberry,R.AE1.Z.B.EH2.R.IY0
sank,S.AE1.NG.K
fabricate,F.AE1.B.R.AH0.K.EY2.T
asymptote,AE1.S.IH0.M.P.T.OW2.T
garbanzo,G.AA0.R.B.AA1.N.Z.OW0
affable,AE1.F.AH0.B.AH0.L
herring,HH.EH1.R.IH0.NG
all_around,AO1.L.ER0.AW1.N
starvation,S.T.AA2.R.V.EY1.SH.AH0.N
artbox,AA1.R.T.B.AA1.K.S
sue,S.UW1
slang,S.L.AE1.NG
fortunate,F.AO1.R.CH.UW0.N.AH0.T
friday,F.R.AY1.D.EY0
sorority,S.ER0.AO1.R.AH0.T.IY0
applicable,AE1.P.L.AH0.K.AH0.B.AH0.L
appliance,AH0.P.L.AY1.AH0.N.S
allusion,AH0.L.UW1.ZH.AH0.N
yellow_onion,Y.EH1.L.OW0.AH1.N.Y.AH0.N
same,S.EY1.M
soak,S.OW1.K
sympathetic,S.IH2.M.P.AH0.TH.EH1.T.IH0.K
finally,F.AY1.N.AH0.L.IY0
semblance,S.EH1.M.B.L.AH0.N.S
scream,S.K.R.IY1.M
semen,S.IY1.M.AH0.N
faygo,F.EY1.G.OW0
sturdy,S.T.ER1.D.IY0
shriner,SH.R.AY1.N.ER0
dolphins,D.AA1.L.F.AH0.N.Z
chili_pepper,CH.IH1.L.IY0.P.EH1.P.ER0
slough,S.L.AH1.F
solitary,S.AA1.L.AH0.T.EH2.R.IY0
sublime,S.AH0.B.L.AY1.M
flapper,F.L.AE1.P.ER0
grouse,G.R.AW1.S
autonomous,AO2.T.AA1.N.AH0.M.AH0.S
flanders,F.L.AE1.N.D.ER0.Z
butter_beans,B.AH1.T.ER0.B.IY1.N.Z
wildcat,W.AY1.L.D.K.AE2.T
spend,S.P.EH1.N.D
seaway,S.IY1.W.EY2
sour,S.AW1.ER0
aviation,EY2.V.IY0.EY1.SH.AH0.N
shy,SH.AY1
kitten,K.IH1.T.AH0.N
signify,S.IH1.G.N.AH0.F.AY2
solution,S.AH0.L.UW1.SH.AH0.N
adducent,AE0.D.Y.UW1.S.AH0.N.T
archives,AA1.R.K.AY2.V.Z
hummingbirds,HH.AH1.M.IH0.NG.B.ER2.D.Z
millie_goat,M.IH1.L.IY0.G.OW1.T
serendipity,S.EH2.R.AH0.N.D.IH1.P.IH0.T.IY0
sword,S.AO1.R.D
elephants,EH1.L.AH0.F.AH0.N.T.S
hyenas,HH.AY0.IY1.N.AH0.Z
sambar,S.AH1.M.B.AA0.R
streak,S.T.R.IY1.K
aerosol,EH1.R.AH0.S.AA2.L
feeble,F.IY1.B.AH0.L
jalapeno_pepper,JH.AE2.L.AH0.P.IY1.N.OW0.P.EH1.P.ER0
broccolini,B.R.AA0.K.OW0.L.IY1.N.IY0
koala,K.OW0.AA1.L.AH0
facet,F.AE1.S.AH0.T
ampere,AE1.M.P.IY0.R
caterpillar,K.AE1.T.ER0.P.IH2.L.ER0
article,AA1.R.T.IH0.K.AH0.L
fragrant,F.R.EY1.G.R.AH0.N.T
pharoah,F.EH1.R.OW0
snap_peas,S.N.AE1.P.P.IY1.Z
fracas,F.R.EY1.K.AH0.S
opossum,OW0.P.AA1.S.AH0.M
platypus,P.L.AE1.T.AH0.P.UH2.S
shutdown,SH.AH1.T.D.AW2.N
atrium,EY1.T.R.IY0.AH0.M
mink,M.IH1.NG.K
patty_pan_squash,P.AE1.T.IY0.P.AE1.N.S.K.W.AA1.SH
bull,B.UH1.L
scallops,S.K.AE1.L.AH0.P.S
seam,S.IY1.M
flirt,F.L.ER1.T
segment,S.EH2.G.M.EH1.N.T
chive,CH.AY1.V
cipher,S.AY1.F.ER0
squash,S.K.W.AA1.SH
foil,F.OY1.L
phlegm,F.L.IH1.M
alternate,AO1.L.T.ER0.N.EY2.T
onion,AH1.N.Y.AH0.N
acrobat,AE1.K.R.AH0.B.AE2.T
float,F.L.OW1.T
apostle,AH0.P.AA1.S.AH0.L
sprouts,S.P.R.AW1.T.S
sens,S.EH1.N.S.IH0.Z
copperhead,K.AA1.P.ER0.HH.EH2.D
franchise,F.R.AE1.N.CH.AY2.Z
fourteen,F.AO2.R.T.IY1.N
pigeons,P.IH1.JH.AH0.N.Z
shazaam,SH.AH0.Z.AE1.M
steve,S.T.IY1.V
pigeon,P.IH1.JH.IH0.N
parsnips,P.AA1.R.S.N.IH0.P.S
secure,S.IH0.K.Y.UH1.R
auspicious,AO0.S.P.IH1.SH.AH0.S
amigo,AH0.M.IY1.G.OW2
cobra,K.OW1.B.R.AH0
affinity,AH0.F.IH1.N.IH0.T.IY0
boiled_potatoes,B.OY1.L.D.P.AH0.T.EY1.T.OW0.Z
guava_beans,G.W.AA1.V.AH0.B.IY1.N.Z
feign,F.EY1.N
mushrooms,M.AH1.SH.R.UW0.M.Z
moles,M.OW1.L.Z
green_onions,G.R.IY1.N.AH1.N.Y.AH0.N.Z
academic,AE2.K.AH0.D.EH1.M.IH0.K
serpents,S.ER1.P.AH0.N.T.S
sieze,S.IY1.Z
soy_beans,S.OY1.B.IY1.N.Z
spot,S.P.AA1.T
sawdust,S.AO1.D.AH2.S.T
sorcerer,S.AO1.R.S.ER0.ER0
turtle,T.ER1.T.AH0.L
froze,F.R.OW1.Z
french,F.R.IH1.N.CH
factotum,F.AE0.K.T.OW1.T.AH0.M
fourth,F.AO1.R.TH
canary,K.AH0.N.EH1.R.IY0
attest,AH0.T.EH1.S.T
analytic,AE2.N.AH0.L.IH1.T.IH0.K
hamster,HH.AE1.M.S.T.ER0
jackrabbit,JH.AE1.K.R.AE2.B.AH0.T
atone,AH0.T.OW1.N
small,S.M.AO1.L
bears,B.EH1.R.Z
attract,AH0.T.R.AE1.K.T
amortization,AE2.M.ER0.T.IH0.Z.EY1.SH.AH0.N
roaches,R.OW1.CH.IH0.Z
accuse,AH0.K.Y.UW1.Z
sailboat,S.EY1.L.B.OW2.T
cantaloupe,K.AE1.N.T.AH0.L.OW2.P
abominate,AH0.B.AA1.M.AH0.N.EY0.T
association,AH0.S.OW2.SH.IY0.EY1.SH.AH0.N
jaguars,JH.AE1.G.W.AA2.R.Z
