all,AO1.L
amish,EY1.M.IH0.SH
forget,F.AO2.R.G.EH1.T
atmore,AE1.T.M.OW0.ER0
albondigas,AE0.L.B.OW1.N.D.IH0.G.AH0.S
ale,EY1.L
amplifier,AE1.M.P.L.AH0.F.AY2.ER0
ala,AH1.L.AH0
angel_tree,EY1.N.JH.AH0.L.T.R.IY1
avalanche,AE1.V.AH0.L.AE2.N.CH
asian,EY1.ZH.AH0.N
aides,EY1.D.Z
aristocrat,ER0.IH1.S.T.AH0.K.R.AE2.T
alt,AA1.L.T
abundant,AH0.B.AH1.N.D.AH0.N.T
ammonia,AH0.M.OW1.N.Y.AH0
afrom,AH0.F.R.AA1.M
anticipation,AE2.N.T.IH2.S.AH0.P.EY1.SH.AH0.N
amante,AA0.M.AA1.N.T.IY0
effort,EH1.F.ER0.T
arid,EH1.R.AH0.D
arrogance,EH1.R.AH0.G.AH0.N.S
accounting,AH0.K.AW1.N.IH0.NG
amaze,AH0.M.EY1.Z
all_around,AO1.L.ER0.AW1.N
anti-communist,AE1.N.T.IY0.K.AA1.M.Y.UW0.N.IH0.S.T
adjudicate,AH0.JH.UW1.D.IH0.K.EY2.T
atlas,AE1.T.L.AH0.S
Atlanta,AE0.T.L.AE1.N.T.AH0
adapt,AH0.D.AE1.P.T
annoy,AH0.N.OY1
allergy,AE1.L.ER0.JH.IY0
ferret,F.EH1.R.AH0.T
advantage,AE2.D.V.AE1.N.IH0.JH
lima_bean,L.IY1.M.AH0.B.IY1.N
amorphous,AH0.M.AO1.R.F.AH0.S
airshock,EH1.R.SH.AA0.K
apperceive,AE0.P.ER0.S.IY1.V
accuse,AH0.K.Y.UW1.Z
artwork,AA1.R.T.W.ER2.K
awful,AO1.F.AH0.L
affect,AH0.F.EH1.K.T
authentic,AO2.TH.EH1.N.IH0.K
arrange,ER0.EY1.N.JH
amarelle,AE1.M.AH0.R.EH0.L
alma,AO1.L.M.AH0
asparagus,AH0.S.P.EH1.R.AH0.G.AH0.S
apartheid,AH0.P.AA1.R.T.AY2.T
aster,AE1.S.T.ER0
applicable,AE1.P.L.AH0.K.AH0.B.AH0.L
anxious,AE1.NG.K.SH.AH0.S
adjust,AH0.JH.AH1.S.T
abbot,AE1.B.AH0.T
anal,EY1.N.AH0.L
agrarian,AH0.G.R.EH1.R.IY0.AH0.N
attic,AE1.T.IH0.K
abridge,AH0.B.R.IH1.JH
all_about,AO1.L.AH0.B.AW1.T
almond,AA1.M.AH0.N.D
agitate,AE1.JH.AH0.T.EY2.T
anaconda,AE2.N.AH0.K.AA1.N.D.AH0
ardent,AA1.R.D.AH0.N.T
abominable,AH0.B.AA1.M.AH0.N.AH0.B.AH0.L
acid,AE1.S.AH0.D
aggressive,AH0.G.R.EH1.S.IH0.V
aphrodisiac,AE2.F.R.OW0.D.IY1.Z.IY0.AE2.K
acrimonious,AE2.K.R.AH0.M.OW1.N.IY0.AH0.S
aim,EY1.M
abe,EY1.B
anthem,AE1.N.TH.AH0.M
assistance,AH0.S.IH1.S.T.AH0.N.S
anniversary,AE2.N.AH0.V.ER1.S.ER0.IY0
asia,EY1.ZH.AH0
access,AE1.K.S.EH2.S
Amazon,AE1.M.AH0.Z.AA0.N
abs,AE1.B.Z
ampersand,AE1.M.P.ER0.S.AE2.N.D
above,AH0.B.AH1.V
attire,AH0.T.AY1.ER0
lima_beans,L.IY1.M.AH0.B.IY1.N.Z
America,AH0.M.EH1.R.IH0.K.AH0
admiral,AE1.D.M.ER0.AH0.L
avert,AH0.V.ER1.T
abscond,AE2.B.S.K.AA1.N.D
alkaline,AE1.L.K.AH0.L.AY2.N
anthropology,AE2.N.TH.R.AH0.P.AA1.L.AH0.JH.IY0
elbow,EH1.L.B.OW0
asymmetry,EY2.S.IH1.M.AH0.T.R.IY0
apartment,AH0.P.AA1.R.T.M.AH0.N.T
address,AE1.D.R.EH2.S
active,AE1.K.T.IH0.V
aftermath,AE1.F.T.ER0.M.AE2.TH
along,AH0.L.AO1.NG
aren't,AA1.R.AH0.N.T
arch,AA1.R.CH
although,AO2.L.DH.OW1
alto,AE1.L.T.OW0
ahead,AH0.HH.EH1.D
aleve,AH0.L.IY1.V
auction,AO1.K.SH.AH0.N
aardvark,AA1.R.D.V.AA0.R.K
aromas,ER0.OW1.M.AH0.Z
alaska,AH0.L.AE1.S.K.AH0
anchor,AE1.NG.K.ER0
airport,EH1.R.P.AO2.R.T
advertising,AE2.D.V.ER0.T.AY1.Z.IH0.NG
orangutan,AO2.R.AE1.NG.AH0.T.AE2.N
Arabia,AH0.R.EY1.B.IY0.AH0
Arabic,AE1.R.AH0.B.IH0.K
automaton,AO2.T.AA1.M.AH0.T.AA2.N
astute,AH0.S.T.UW1.T
abominate,AH0.B.AA1.M.AH0.N.EY0.T
abate,AH0.B.EY1.T
adenoids,AE1.D.AH0.N.OY2.D.Z
africa,AE1.F.ER0.K.AH0
apt,AE1.P.T
ajar,AH0.JH.AA1.R
armoire,AA1.M.W.AA2.R
appliances,AH0.P.L.AY1.AH0.N.S.IH0.Z
ailing,EY1.L.IH0.NG
atrocious,AH0.T.R.OW1.SH.AH0.S
aberrant,AE2.B.EH1.R.AH0.N.T
absolution,AE2.B.S.AH0.L.UW1.SH.AH0.N
abase,AH0.B.EH1.S
additive,AE1.D.IH0.T.IH0.V
August,AO1.G.AH0.S.T
Adairville,EY2.D.EY0.R.V.IH0.L
alligator,AE1.L.AH0.G.EY2.T.ER0
angry,AE1.NG.G.R.IY0
arms,AA1.R.M.Z
acrobat,AE1.K.R.AH0.B.AE2.T
almost,AO1.L.M.OW2.S.T
asteroid,AE1.S.T.ER0.OY2.D
archives,AA1.R.K.AY2.V.Z
aperture,AE1.P.ER0.CH.ER0
aprobation,AE1.P.R.OW0.B.EY2.SH.AH0.N
aspirin,AE1.S.P.R.IH0.N
aflang,AH0.F.L.AE1.NG
abridged,AH0.B.R.IH1.JH.D
advance,AH0.D.V.AE1.N.S
alcove,AE1.L.K.OW2.V
altar,AO1.L.T.ER0
apparent,AH0.P.EH1.R.AH0.N.T
award,AH0.W.AO1.R.D
aware,AH0.W.EH1.R
appendix,AH0.P.EH1.N.D.IH0.K.S
ain't,EY1.N.T
adult,AE1.D.AH0.L.T
rabbit,R.AE1.B.IH0.T
adamant,AE1.D.AH0.M.AH0.N.T
alderman,AE1.L.D.ER0.M.AH0.N
analogous,AH0.N.AE1.L.AH0.G.AH0.S
abundance,AH0.B.AH1.N.D.AH0.N.S
atone,AH0.T.OW1.N
account,AH0.K.AW1.N.T
animals,AE1.N.AH0.M.AH0.L.Z
ace,EY1.S
augment,AO2.G.M.EH1.N.T
athlete,AE1.TH.L.IY2.T
abortion,AH0.B.AO1.R.SH.AH0.N
cat,K.AE1.T
anywhere,EH1.N.IY0.HH.W.EH2.R
anchorage,AE1.NG.K.ER0.AH0.JH
appendage,AH0.P.EH1.N.D.IH0.JH
apoplexy,AE1.P.AH0.P.L.EH2.K.S.IY0
arrive,ER0.AY1.V
appraisal,AH0.P.R.EY1.Z.AH0.L
abstinence,AE1.B.S.T.AH0.N.AH0.N.S
aggrandize,AH0.G.R.AE1.N.D.AY2.Z
antagonists,AE0.N.T.AE1.G.AH0.N.AH0.S
appaloosa,AE0.P.AH0.L.UW1.S.AH0
figure,F.IH1.G.Y.ER0
amazons,AE1.M.AH0.Z.AA2.N.Z
attribute,AE1.T.R.AH0.B.Y.UW2.T
awesome,AO1.S.AH0.M
artillery,AA2.R.T.IH1.L.ER0.IY0
accept,AE2.K.S.EH1.P.T
archipelago,AA2.R.K.AH0.P.EH1.L.AH0.G.OW0
Allcare,AA1.L.K.EH1.R
abort,AH0.B.AO1.R.T
alright,AO2.L.R.AY1.T
anteater,AE1.N.T.IY2.T.ER0
arise,ER0.AY1.Z
ascension,AH0.S.EH1.N.SH.AH0.N
airplane,EH1.R.P.L.EY2.N
allege,AH0.L.EH1.JH
absolute,AE1.B.S.AH0.L.UW2.T
autonomy,AO2.T.AA1.N.AH0.M.IY0
arbor,AA1.R.B.ER0
awkward,AO1.K.W.ER0.D
acrimony,AE1.K.R.IH0.M.OW2.N.IY0
agony,AE1.G.AH0.N.IY0
ambush,AE1.M.B.UH2.SH
amazing,AH0.M.EY1.Z.IH0.NG
forest,F.AO1.R.IH0.S.T
animal,AE1.N.AH0.M.AH0.L
elephant,EH1.L.AH0.F.AH0.N.T
aft,AE1.F.T
wolf,W.UH1.L.F
axis,AE1.K.S.AH0.S
allible,AE1.L.AH0.B.AH0.L
anime,AE1.N.AH0.M.EH0
abrasive,AH0.B.R.EY1.S.IH0.V
abstraction,AE2.B.S.T.R.AE1.K.SH.AH0.N
abdicate,AE1.B.D.AH0.K.EY2.T
attend,AH0.T.EH1.N.D
algebra,AE1.L.JH.AH0.B.R.AH0
advice,AE2.D.V.AY1.S
after,AE1.F.T.ER0
abdomen,AE2.B.D.OW1.M.AH0.N
accessory,AE2.K.S.EH1.S.ER0.IY0
aperative,AH0.P.EH1.R.AH0.T.IH0.V
abuse,AH0.B.Y.UW1.Z
ark,AA1.R.K
adventure,AE2.D.V.EH1.N.CH.ER0
atune,AH0.T.Y.UW1.N
alibis,AE1.L.AH0.B.AY2.Z
antonym,AE1.N.T.AH0.N.IH0.M
autograph,AO1.T.AH0.G.R.AE2.F
ambivalent,AE2.M.B.IH1.V.AH0.L.AH0.N.T
a,EY1
appoints,AH0.P.OY1.N.T.S
assassin,AH0.S.AE1.S.AH0.N
attempt,AH0.T.EH1.M.P.T
absinthe,AE1.B.S.IH0.N.TH
amuse,AH0.M.Y.UW1.Z
appreciate,AH0.P.R.IY1.SH.IY0.EY2.T
avarice,AE1.V.ER0.AH0.S
anytime,EH1.N.IY0.T.AY2.M
alias,EY1.L.IY0.AH0.S
adversal,AE0.V.ER1.S.AH0.L
allot,AH0.L.AA1.T
allow,AH0.L.AW1
ambulance,AE1.M.B.Y.AH0.L.AH0.N.S
alloy,AE1.L.OY2
amber,AE1.M.B.ER0
afit,AH0.F.IH1.T
anonymous,AH0.N.AA1.N.AH0.M.AH0.S
argyle,AA1.R.G.AY2.L
azerbaijan,AE2.Z.ER0.B.AY0.JH.AA1.N
alacrity,AH0.L.AE1.K.R.AH0.T.IY0
attitude,AE1.T.AH0.T.UW2.D
artichoke,AA1.R.T.IH0.CH.OW2.K
artery,AA1.R.T.ER0.IY0
avenue,AE1.V.AH0.N.UW2
arrogant,EH1.R.AH0.G.AH0.N.T
astrology,AH0.S.T.R.AA1.L.AH0.JH.IY0
adhesive,AE2.D.HH.IY1.S.IH0.V
apes,EY1.P.S
accordion,AH0.K.AO1.R.D.IY0.AH0.N
apex,EY1.P.EH2.K.S
avocado,AE2.V.AH0.K.AA1.D.OW0
abbey,AE1.B.IY0
approve,AH0.P.R.UW1.V
Appalachian_mountains,AE0.P.AH0.L.EY1.CH.AH0.N.M.AW1.N.T.AH0.N.Z.M.AW1.N.T.AH0.N.Z
allen_wrench,AE1.L.AH0.N.R.EH1.N.CH
fig,F.IH1.G
farmer,F.AA1.R.M.ER0
orange,AO1.R.IH0.N.JH
alpine,AE1.L.P.AY2.N
all_through,AO1.L.TH.R.UW1
alter,AO1.L.T.ER0
ally,AE1.L.AY2
apron,EY1.P.R.AH0.N
adjacent,AH0.JH.EY1.S.AH0.N.T
animate,AE1.N.AH0.M.EY2.T
food,F.UW1.D
auto,AO1.T.OW0
answer,AE1.N.S.ER0
giraffe,JH.ER0.AE1.F
Adam,AE1.D.AH0.M
ambition,AE2.M.B.IH1.SH.AH0.N
accumulate,AH0.K.Y.UW1.M.Y.AH0.L.EY2.T
acidic,AH0.S.IH1.D.IH0.K
abacus,AE1.B.AH0.K.AH0.S
advise,AE2.D.V.AY1.Z
abastos,AH0.B.AA1.S.T.OW0.S
annoint,AH0.N.OY1.N.T
assess,AH0.S.EH1.S
aluminum,AH0.L.UW1.M.AH0.N.AH0.M
always,AO1.L.W.EY2.Z
nauseous,N.AO1.SH.AH0.S
advent,AE1.D.V.EH2.N.T
absolve,AE2.B.Z.AA1.L.V
alexis,AH0.L.EH1.K.S.IH0.S
affiliate,AH0.F.IH1.L.IY0.EY2.T
arrow,EH1.R.OW0
adore,AH0.D.AO1.R
addicted,AH0.D.IH1.K.T.IH0.D
acoustic,AH0.K.UW1.S.T.IH0.K
activate,AE1.K.T.AH0.V.EY2.T
fish,F.IH1.SH
aide,EY1.D
aggravated,AE1.G.R.AH0.V.EY2.T.IH0.D
affluent,AE1.F.L.UW0.AH0.N.T
agriculture,AE1.G.R.IH0.K.AH2.L.CH.ER0
anarchy,AE1.N.ER0.K.IY0
agoraphobia,AH0.G.AO2.R.AH0.F.OW1.B.IY0.AH0
album,AE1.L.B.AH0.M
accomplish,AH0.K.AA1.M.P.L.IH0.SH
alcohol,AE1.L.K.AH0.HH.AA2.L
actor,AE1.K.T.ER0
armor,AA1.R.M.ER0
forty,F.AO1.R.T.IY0
abide,AH0.B.AY1.D
adhere,AH0.D.HH.IH1.R
fellowship,F.EH1.L.OW0.SH.IH2.P
acting,AE1.K.T.IH0.NG
activist,AE1.K.T.IH0.V.IH0.S.T
amethyst,AE1.M.IH0.TH.IH0.S.T
anorexia,AE2.N.ER0.EH1.K.S.IY0.AH0
ass,AE1.S
asymptote,AE1.S.IH0.M.P.T.OW2.T
abbott,AE1.B.AH0.T
asp,AE1.S.P
anyplace,EH1.N.IY0.P.L.EY2.S
associate,AH0.S.OW1.SH.IY0.EY2.T
abuela,AH0.B.W.EY1.L.AH0
ajax,EY1.JH.AE2.K.S
ancestry,AE1.N.S.EH2.S.T.R.IY0
antioch,AE1.N.T.IY0.AA2.K
acorn,EY1.K.AO2.R.N
ask,AE1.S.K
anyhow,EH1.N.IY0.HH.AW2
ash,AE1.SH
afterward,AE1.F.T.ER0.W.ER0.D
afterthought,AE1.F.T.ER0.TH.AO2.T
aisle,AY1.AH0.L
albatross,AE1.L.B.AH0.T.R.AA2.S
ate,EY1.T
adolescent,AE2.D.OW0.L.EH1.S.AH0.N.T
afternoon,AE2.F.T.ER0.N.UW1.N
Anniston,AE1.N.IH0.S.T.AH0.N
ostrich,AO1.S.T.R.IH0.CH
american,AH0.M.EH1.R.IH0.K.AH0.N
apple,AE1.P.AH0.L
anecdote,AE1.N.AH0.K.D.OW2.T
aspire,AH0.S.P.AY1.R
apocalypse,AH0.P.AA1.K.AH0.L.IH2.P.S
austin,AO1.S.T.AH0.N
ammo,AE1.M.OW0
arterial,AA2.R.T.IH1.R.IY0.AH0.L
already,AO2.R.EH1.D.IY0
angelic,AE2.N.JH.EH1.L.IH0.K
Afghanistan,AE0.F.G.AE1.N.IH0.S.T.AE0.N
arsenal,AA1.R.S.AH0.N.AH0.L
Asia,EY1.ZH.AH0
antiquity,AE2.N.T.IH1.K.W.AH0.T.IY0
adduce,AE0.D.Y.UW1.S
lettuce,L.EH1.T.AH0.S
amidst,AH0.M.IH1.D.S.T
another,AH0.N.AH1.DH.ER0
affliction,AH0.F.L.IH1.K.SH.AH0.N
open,OW1.P.AH0.N
cabbage,K.AE1.B.IH0.JH
ancient,EY1.N.SH.AH0.N.T
monkey,M.AH1.NG.K.IY0
automobile,AO2.T.AH0.M.OW0.B.IY1.L
assure,AH0.SH.UH1.R
accent,AE1.K.S.EH2.N.T
accordingly,AH0.K.AO1.R.D.IH0.NG.L.IY0
airborne,EH1.R.B.AO2.R.N
aviator,EY1.V.IY0.EY2.T.ER0
anyone,EH1.N.IY0.W.AH2.N
attach,AH0.T.AE1.CH
attack,AH0.T.AE1.K
ankle,AE1.NG.K.AH0.L
airy,EH1.R.IY0
banana,B.AH0.N.AE1.N.AH0
tomato,T.AH0.M.EY1.T.OW0
fancy,F.AE1.N.S.IY0
aerate,EH1.ER0.EH0.T
argot,AA1.R.G.AH0.T
academy,AH0.K.AE1.D.AH0.M.IY0
acquire,AH0.K.W.AY1.ER0
artifact,AA1.R.T.AH0.F.AE2.K.T
appreciation,AH0.P.R.IY2.SH.IY0.EY1.SH.AH0.N
argon,AA1.R.G.AA2.N
alas,AH0.L.AE1.S
antic,AE1.N.T.IH0.K
attract,AH0.T.R.AE1.K.T
agaripton,AE0.G.AH0.R.IH1.P.T.AA0.N
appreciated,AH0.P.R.IY1.SH.IY0.EY2.T.IH0.D
apprentice,AH0.P.R.EH1.N.T.IH0.S
anxiety,AE2.NG.Z.AY1.AH0.T.IY0
allure,AH0.L.UH1.R
affront,AH0.F.R.AH1.N.T
frankly,F.R.AE1.NG.K.L.IY0
antitoxin,AE2.N.T.IY0.T.AA1.K.S.AH0.N
anticipate,AE2.N.T.IH1.S.AH0.P.EY2.T
aims,EY1.M.Z
advertize,AE2.D.V.ER0.T.AY1.Z
aver,EY1.V.ER0
autumn,AO1.T.AH0.M
antifreeze,AE1.N.T.IY0.F.R.IY2.Z
architect,AA1.R.K.AH0.T.EH2.K.T
apples,AE1.P.AH0.L.Z
amplitude,AE1.M.P.L.AH0T.Y.UW2.D
aesthetic,EH2.S.TH.EH1.T.IH0.K
adducent,AE0.D.Y.UW1.S.AH0.N.T
agate,AE1.G.AH0.T
allergic,AH0.L.ER1.JH.IH0.K
amble,AE1.M.B.AH0.L
and,AE1.N.D
acclaim,AH0.K.L.EY1.M
acrombie,AH0.K.R.AA1.M.B.IY0
anus,EY1.N.AH0.S
Alzheimer's,AA0.L.T.S.HH.AY1.M.ER0.Z
arduous,AA1.R.JH.UW0.AH0.S
actuary,AE1.K.CH.AH0.W.EH2.R.IY0
argument,AA1.R.G.Y.AH0.M.AH0.N.T
alley,AE1.L.IY0
affirmative,AH0.F.ER1.M.AH0.T.IH0.V
ant,AE1.N.T
antarctica,AE2.N.AA1.R.T.IH0.K.AH0
arachnid,ER0.AE1.K.N.IH0.D
artful,AA1.R.T.F.AH0.L
anger,AE1.NG.G.ER0
allen,AE1.L.AH0.N
agronomy,AH0.G.R.AA1.N.AH0.M.IY0
affable,AE1.F.AH0.B.AH0.L
afraid,AH0.F.R.EY1.D
angle,AE1.NG.G.AH0.L
alibi,AE1.L.AH0.B.AY2
able,EY1.B.AH0.L
aside,AH0.S.AY1.D
adjunct,AE1.JH.AH2.NG.K.T
acumen,AH0.K.Y.UW1.M.AH0.N
alligate,AE1.L.IH0.G.EY0.T
astride,AH0.S.T.R.AY1.D
avengement,AH0.V.IH1.N.JH.M.AH0.N.T
amaryllis,AE2.M.ER0.IH1.L.IH0.S
ancillary,AE1.N.S.AH0.L.EH2.R.IY0
asshole,AE1.S.HH.OW0.L
added,AE1.D.IH0.D
altered,AO1.L.T.ER0.D
alleviate,AH0.L.IY1.V.IY0.EY2.T
anatomy,AH0.N.AE1.T.AH0.M.IY0
offend,AH0.F.EH1.N.D
abut,AH0.B.AH1.T
affirmation,AE2.F.ER0.M.EY1.SH.AH0.N
addict,AE1.D.IH2.K.T
Archie,AA1.R.CH.IY0
alpha,AE1.L.F.AH0
Alabama,AE0.L.AH0.B.AE1.M.AH0
antigone,AE0.T.IH1.G.AH0.N.IY0
afuera,AH0.F.W.EH1.R.AH0
appear,AH0.P.IH1.R
archery,AA1.R.CH.ER0.IY0
forever,F.ER0.EH1.V.ER0
arson,AA1.R.S.AH0.N
admonish,AE2.D.M.AA1.N.IH0.SH
angst,AA1.NG.K.S.T
alarm,AH0.L.AA1.R.M
alumni,AH0.L.AH1.M.N.AY2
dog,D.AO1.G
alleve,AH0.L.IY1.V
astonishing,AH0.S.T.AA1.N.IH0.SH.IH0.NG
ascot,AE1.S.K.AA2.T
aerosol,EH1.R.AH0.S.AA2.L
absurd,AH0.B.S.ER1.D
axe,AE1.K.S
ampere,AE1.M.P.IY0.R
annoyed,AH0.N.OY1.D
aflea,AH0.F.L.IY1
atmosphere,AE1.T.M.AH0.S.F.IH2.R
kite,K.AY1.T
asphalt,AE1.S.F.AO2.L.T
agonize,AE1.G.AH0.N.AY2.Z
alight,AH0.L.AY1.T
affix,AE1.F.IH0.K.S
anyway,EH1.N.IY0.W.EY2
aghast,AH0.G.AE1.S.T
arrears,ER0.IH1.R.Z
afferent,AE1.F.ER0.AH0.N.T
analogue,AE1.N.AH0.L.AO2.G
administer,AH0.D.M.IH1.N.AH0.S.T.ER0
aggravate,AE1.G.R.AH0.V.EY2.T
anvil,AE1.N.V.AH0.L
aberdark,AE1.B.ER0.D.AA0.R.K
acne,AE1.K.N.IY0
analytic,AE2.N.AH0.L.IH1.T.IH0.K
applesauce,AE1.P.AH0.L.S.AO2.S
actin,AE1.K.T.AH0.N
announce,AH0.N.AW1.N.S
adequate,AE1.D.AH0.K.W.EY2.T
amplify,AE1.M.P.L.AH0.F.AY2
axiom,AE1.K.S.IY0.AH0.M
achieve,AH0.CH.IY1.V
hippo,HH.IH1.P.OW0
antithetical,AE2.N.T.AH0.TH.EH1.T.IH0.K.AH0.L
antagonism,AE2.N.T.AE1.G.AH0.N.IH2.Z.AH0.M
asbestos,AE2.S.B.EH1.S.T.AH0.S
assistant,AH0.S.IH1.S.T.AH0.N.T
alabaster,AE1.L.AH0.B.AE2.S.T.ER0
accel,AH0.K.S.EH1.L
accrue,AH0.K.R.UW1
bean,B.IY1.N
ataturk,AE1.T.AH0.T.ER2.K
altogether,AO2.L.T.AH0.G.EH1.DH.ER0
apian,EH1.P.IY0.AH0.N
aroma,ER0.OW1.M.AH0
antagonist,AE2.N.T.AE1.G.AH0.N.AH0.S.T
ammunition,AE2.M.Y.AH0.N.IH1.SH.AH0.N
autistic,AO2.T.IH1.S.T.IH0.K
artist,AA1.R.T.IH0.S.T
assimilate,AH0.S.IH1.M.AH0.L.EY2.T
arpeggio,AA0.R.P.EH1.JH.IY0.OW0
bird,B.ER1.D
adelia,AH0.D.IY1.L.IY0.AH0
architecture,AA1.R.K.AH0.T.EH2.K.CH.ER0
ascertain,AE2.S.ER0.T.EY1.N
armature,AA1.R.M.AH0.CH.ER0
automatic,AO2.T.OW0.M.AE1.T.IH0.K
aspiration,AE2.S.P.ER0.EY1.SH.AH0.N
attest,AH0.T.EH1.S.T
art,AA1.R.T
allusion,AH0.L.UW1.ZH.AH0.N
fair,F.EH1.R
appalachian,AE2.P.AH0.L.AE1.CH.AH0.N
admonition,AE2.D.M.AH0.N.IH1.SH.AH0.N
Alaska,AH0.L.AE1.S.K.AH0
lion,L.AY1.AH0.N
arc,AA1.R.K
asleep,AH0.S.L.IY1.P
are,AA1.R
andromeda,AE0.N.D.R.AA1.M.AH0.D.AH0
Auburn,AO1.B.ER0.N
aroused,ER0.AW1.Z.D
arm,AA1.R.M
analog,AE1.N.AH0.L.AO2.G
ability,AH0.B.IH1.L.AH0.T.IY0
ahimsa,AH0.H.IH1.M.S.AH0
aflame,AH0.F.L.EY1.M
addled,AE1.D.AH0.L.D
abhor,AE2.B.HH.AO1.R
artificial,AA2.R.T.AH0.F.IH1.SH.AH0.L
Allstate,AA1.L.S.T.EY0.T
abrade,AH0.B.R.EH1.D
assertive,AH0.S.ER1.T.IH0.V
aneurysm,AE2.N.Y.ER0.IH1.Z.AH0.M
antler,AE1.N.T.L.ER0
approach,AH0.P.R.OW1.CH
across,AH0.K.R.AO1.S
aspartame,AE1.S.P.ER0.T.EY2.M
affordable,AH0.F.AO1.R.D.AH0.B.AH0.L
accord,AH0.K.AO1.R.D
avow,AH0.V.AW1
amazon,AE1.M.AH0.Z.AA2.N
august,AO1.G.AH0.S.T
cauliflower,K.AA1.L.AH0.F.L.AW2.ER0
amen,AA2.M.EH1.N
astende,AH0.S.T.EH1.N.D.EH0
attention,AH0.T.EH1.N.SH.AH0.N
adept,AH0.D.EH1.P.T
Archibald,AA1.R.CH.IH0.B.AA0.L.D
aquarium,AH0.K.W.EH1.R.IY0.AH0.M
ahoy,AH0.HH.OY1
article,AA1.R.T.IH0.K.AH0.L
alliteration,AH0.L.IH1.T.ER0.EY2.SH.AH0.N
absorbent,AH0.B.Z.AO1.R.B.AH0.N.T
accident,AE1.K.S.AH0.D.AH0.N.T
opal,OW1.P.AH0.L
annual,AE1.N.Y.UW0.AH0.L
aqua,AA1.K.W.AH0
according,AH0.K.AO1.R.D.IH0.NG
against,AH0.G.EY1.N.S.T
agree,AH0.G.R.IY1
april,EY1.P.R.AH0.L
anon,AH0.N.AA1.N
apostrophe,AH0.P.AA1.S.T.R.AH0.F.IY0
argue,AA1.R.G.Y.UW0
afar,AH0.F.AA1.R
allowance,AH0.L.AW1.AH0.N.S
among,AH0.M.AH1.NG
afterwards,AE1.F.T.ER0.W.ER0.D.Z
armchair,AA1.R.M.CH.EH2.R
amore,AA1.M.AO0.R
ants,AE1.N.T.S
arugula,AH0.R.UW1.G.AH0.L.AH0
alone,AH0.L.OW1.N
antelope,AE1.N.T.AH0.L.OW2.P
anti,AE1.N.T.AY0
arroway,AE1.R.OW0.W.EH0
aerodynamic,EH2.R.OW0.D.AY2.N.AE1.M.IH0.K
anodyne,AE1.N.OW0.D.AY0.N
arsenic,AA1.R.S.AH0.N.IH0.K
acrid,AE1.K.R.IH0.D
amino,AH0.M.IY1.N.OW0
amigo,AH0.M.IY1.G.OW2
arts,AA1.R.T.S
abdominal,AE2.B.D.AA1.M.AH0.N.AH0.L
angel,EY1.N.JH.AH0.L
adjective,AE1.JH.IH0.K.T.IH0.V
allude,AH0.L.UW1.D
addition,AH0.D.IH1.SH.AH0.N
apostle,AH0.P.AA1.S.AH0.L
acceptance,AE2.K.S.EH1.P.T.AH0.N.S
absence,AE1.B.S.AH0.N.S
almighty,AO2.L.M.AY1.T.IY0
accentuate,AE2.K.S.EH1.N.CH.UW0.EY2.T
amnesia,AE2.M.N.IY1.ZH.AH0
acre,EY1.K.ER0
amateur,AE1.M.AH0.CH.ER2
anomaly,AH0.N.AA1.M.AH0.L.IY0
aphrodesiac,AE1.F.R.OW0.D.IY2.Z.IY0.AE0.K
artisan,AA1.R.T.AH0.Z.AH0.N
affectionate,AH0.F.EH1.K.SH.AH0.N.IH0.T
enable,EH2.N.EY1.B.AH0.L
Adams,AE1.D.AH0.M.Z
fire,F.AY1.ER0
am,AE1.M
antipathy,AE2.N.T.IH1.P.AH0.TH.IY0
airplanes,EH1.R.P.L.EY0.N.Z
andrew,AE1.N.D.R.UW0
assert,AH0.S.ER1.T
Anaheim,AE1.N.AH0.H.AY0.M
awake,AH0.W.EY1.K
axle,AE1.K.S.AH0.L
allele,AH0.L.IY1.L
abject,AE1.B.JH.EH2.K.T
atlanta,AH0.T.L.AE1.N.AH0
antagonistic,AE2.N.T.AE2.G.AH0.N.IH1.S.T.IH0.K
airforce,EH1.R.F.AO2.R.S
affirm,AH0.F.ER1.M
amend,AH0.M.EH1.N.D
align,AH0.L.AY1.N
air,EH1.R
admire,AE2.D.M.AY1.R
ail,EY1.L
abrupt,AH0.B.R.AH1.P.T
argonaut,AA1.R.G.AH0.N.AO2.T
fun,F.AH1.N
aid,EY1.D
abet,AH0.B.EH1.T
animated,AE1.N.AH0.M.EY2.T.IH0.D
archway,AA1.R.CH.W.EY2
alike,AH0.L.AY1.K
antisocial,AE2.N.T.AY2.S.OW1.SH.AH0.L
apprehend,AE2.P.R.IH0.HH.EH1.N.D
antithesis,AE2.N.T.IH1.TH.AH0.S.AH0.S
agnostic,AE2.G.N.AA1.S.T.IH0.K
astound,AH0.S.T.AW1.N.D
ambient,AE1.M.B.IY0.AH0.N.T
arabia,ER0.EY1.B.IY0.AH0
beaver,B.IY1.V.ER0
ambrosia,AE2.M.B.R.OW1.ZH.AH0
mouse,M.AW1.S
alwrong,AA0.L.R.AW1.NG
around,ER0.AW1.N
abscess,AE1.B.S.EH2.S
andiron,AE1.N.D.AY2.ER0.N
alien,EY1.L.IY0.AH0.N
author,AO1.TH.ER0
alphabet,AE1.L.F.AH0.B.EH2.T
anachronism,AH0.N.AE1.K.R.AH0.N.IH2.Z.AH0.M
administration,AE2.D.M.IH2.N.IH0.S.T.R.EY1.SH.AH0.N
amount,AH0.M.AW1.N.T
any,EH1.N.IY0
adverse,AE2.D.V.ER1.S
android,AE1.N.D.R.OY2.D
moose,M.UW1.S
again,AH0.G.EY1.N
assignment,AH0.S.AY1.N.M.AH0.N.T
arctic,AA1.R.T.IH0.K
assist,AH0.S.IH1.S.T
anesthesiology,AE2.N.AH0.S.TH.IY0.Z.IY0.AA1.L.AH0.JH.IY0
action,AE1.K.SH.AH0.N
cucumber,K.Y.UW1.K.AH0.M.B.ER0
abalone,AE2.B.AH0.L.OW1.N.IY0
advertisement,AE2.D.V.ER0.T.AY1.Z.M.AH0.N.T
aggregate,AE1.G.R.AH0.G.EY2.T
amortization,AE2.M.ER0.T.IH0.Z.EY1.SH.AH0.N
whale,HH.W.EY1.L
annunciation,AH0.N.AH1.N.S.IY0.EH2.SH.AH0.N
audit,AO1.D.IH0.T
antenna,AE2.N.T.EH1.N.AH0
abrasion,AH0.B.R.EY1.ZH.AH0.N
acknowledge,AE2.K.N.AA1.L.IH0.JH
arrival,ER0.AY1.V.AH0.L
anybody,EH1.N.IY0.B.AH0.D.IY0
a-frame,EH1.F.R.EH1.M
academic,AE2.K.AH0.D.EH1.M.IH0.K
approbation,AE2.P.R.AH0.B.EY1.SH.AH0.N
adrenaline,AH0.D.R.EH1.N.AH0.L.AH0.N
anthropomorph,AE2.N.TH.R.OW0.P.OW0.M.OW1.R.F
awning,AA1.N.IH0.NG
accessible,AE2.K.S.EH1.S.AH0.B.AH0.L
audio,AA1.D.IY0.OW0
away,AH0.W.EY1
snake,S.N.EY1.K
alfalfa,AE2.L.F.AE1.L.F.AH0
abstain,AE2.B.S.T.EY1.N
aerospace,EH1.R.OW0.S.P.EY2.S
camel,K.AE1.M.AH0.L
athletic,AE2.TH.L.EH1.T.IH0.K
accurate,AE1.K.Y.ER0.AH0.T
altruistic,AO2.L.T.R.UW0.IH1.S.T.IH0.K
actress,AE1.K.T.R.AH0.S
apprise,AH0.P.R.AY1.Z
abbreviation,AH0.B.R.IY2.V.IY0.EY1.SH.AH0.N
front,F.R.AH1.N.T
appetite,AE1.P.AH0.T.AY2.T
atomic,AH0.T.AA1.M.IH0.K
aspect,AE1.S.P.EH2.K.T
alternative,AO2.L.T.ER1.N.AH0.T.IH0.V
afro,AE1.F.R.OW0
azalea,AH0.Z.EY1.L.Y.AH0
abbreviate,AH0.B.R.IY1.V.IY0.EY2.T
alimony,AE1.L.AH0.M.OW2.N.IY0
elk,EH1.L.K
asthma,AE1.Z.M.AH0
Altima,AE1.L.T.IH0.M.AH0
also,AO1.L.S.OW0
arisal,AH0.R.AY1.Z.AH0.L
agile,AE1.JH.AH0.L
alternate,AO1.L.T.ER0.N.EY2.T
arrest,ER0.EH1.S.T
add,AE1.D
animation,AE2.N.AH0.M.EY1.SH.AH0.N
affinity,AH0.F.IH1.N.IH0.T.IY0
association,AH0.S.OW2.SH.IY0.EY1.SH.AH0.N
radish,R.AE1.D.IH0.SH
ado,AH0.D.UW1
amoxycillin,AH0.M.AA1.K.S.AH0.S.IH2.L.IH0.N
east,IY1.S.T
anti_-_communist,AE1.N.T.IY0.K.AA1.M.Y.AH0.N.IH0.S.T
anchovy,AE2.N.CH.OW1.V.IY0
analogy,AH0.N.AE1.L.AH0.JH.IY0
ample,AE1.M.P.AH0.L
articles,AA1.R.T.IH0.K.AH0.L.Z
advocate,AE1.D.V.AH0.K.EY2.T
arab,EH1.R.AH0.B
auspicious,AO0.S.P.IH1.SH.AH0.S
afore,AH0.F.OW1.R
amp,AE1.M.P
apart,AH0.P.AA1.R.T
acute,AH0.K.Y.UW1.T
axillary,AE2.K.S.AH0.L.AE1.R.IY0
fortune,F.AO1.R.CH.UW0.N
airhead,EH1.R.HH.EH2.D
expunge,IH0.K.S.P.AH1.N.JH
alice,AE1.L.IH0.S
alamo,AE1.L.AH0.M.OW0
audience,AO1.D.IY0.AH0.N.S
avatar,AE1.V.AH0.T.AA2.R
arbitrary,AA1.R.B.IH0.T.R.EH2.R.IY0
anthony,AE1.N.TH.AH0.N.IY0
awfu,AO1.F.UH0.L
antique,AE2.N.T.IY1.K
old,OW1.L.D
often,AO1.F.T.AH0.N
ashen,AE1.SH.AH0.N
ascend,AH0.S.EH1.N.D
alive,AH0.L.AY1.V
atrium,EY1.T.R.IY0.AH0.M
almonds,AA1.L.M.AH0.N.D.Z
Andy,AE1.N.D.IY0
accelerate,AE2.K.S.EH1.L.ER0.EY2.T
Alfred,AE1.L.F.R.EH0.D
apply,AH0.P.L.AY1
aspen,AE1.S.P.AH0.N
advertise,AE1.D.V.ER0.T.AY2.Z
archetype,AA1.R.K.IH0.T.AY2.P
aviation,EY2.V.IY0.EY1.SH.AH0.N
equestrian,IH0.K.W.EH1.S.T.R.IY0.AH0.N
adenoid,AE1.D.AH0.N.OY2.D.Z
acquaintance,AH0.K.W.EY1.N.T.AH0.N.S
armadillo,AA2.R.M.AH0.D.IH1.L.OW0
archeology,AA2.R.K.IY0.AA1.L.AH0.JH.IY0
avoid,AH0.V.OY1.D
agoing,AH0.G.OW1.IH0.NG
archer,AA1.R.CH.ER0
allegory,AE1.L.AH0.G.AO2.R.IY0
ape,EY1.P
adorable,AH0.D.AO1.R.AH0.B.AH0.L
apathetic,AE2.P.AH0.TH.EH1.T.IH0.K
acronym,AE1.K.R.AH0.N.IH0.M
asterisk,AE1.S.T.ER0.IH0.S.K
agreement,AH0.G.R.IY1.M.AH0.N.T
aloft,AH0.L.AO1.F.T
asinine,AE1.S.AH0.N.AY2.N
assemble,AH0.S.EH1.M.B.AH0.L
ache,EY1.K
altimeter,AE2.L.T.IH1.M.AH0.T.ER0
afluke,AH0.F.L.UW1.K
about,AH0.B.AW1.T
actual,AE1.K.SH.AH0.L
adverb,AE1.D.V.ER0.B
anything,EH1.N.IY0.TH.IH2.NG
audition,AA2.D.IH1.SH.AH0.N
freedom,F.R.IY1.D.AH0.M
plum,P.L.AH1.M
army,AA1.R.M.IY0
acclimate,AE1.K.L.AH0.M.EY2.T
andes,AE1.N.D.IY0.Z
beans,B.IY1.N.Z
airline,EH1.R.L.AY2.N
act,AE1.K.T
azure,AE1.ZH.ER0
auditorium,AO2.D.AH0.T.AO1.R.IY0.AH0.M
anterior,AE2.N.T.IH1.R.IY0.ER0
alimentary,AE2.L.AH0.M.EH1.N.T.ER0.IY0
astronomical,AE2.S.T.R.AH0.N.AA1.M.IH0.K.AH0.L
aha,AA2.HH.AA1
final,F.AY1.N.AH0.L
auntie,AO1.N.T.IY0
antidote,AE1.N.IH0.D.OW2.T
actuate,AE1.K.CH.UW0.W.EY2.T
articulate,AA2.R.T.IH1.K.Y.AH0.L.EY2.T
annotate,AE1.N.AH0.T.EY2.T
appropriate,AH0.P.R.OW1.P.R.IY0.EY2.T
alchemy,AE1.L.K.AH0.M.IY0
Arkansas,AA1.R.K.AH0.N.S.AO2
apologize,AH0.P.AA1.L.AH0.JH.AY2.Z
afoot,AH0.F.UH1.T
awe,AO1
amiable,EY1.M.IY0.AH0.B.AH0.L
aptitude,AE1.P.T.AH0.T.UW2.D
america,AH0.M.EH1.R.IH0.K.AH0
acquiesce,AE2.K.W.IY0.EH1.S
area,EH1.R.IY0.AH0
artifacts,AA1.R.T.AH0.F.AE2.K.T.S
altitude,AE1.L.T.AH0.T.UW2.D
available,AH0.V.EY1.L.AH0.B.AH0.L
approximate,AH0.P.R.AA1.K.S.AH0.M.EY2.T
errand,EH1.R.AH0.N.D
accountant,AH0.K.AW1.N.T.AH0.N.T
applique,AE1.P.L.AH0.K.EH0
appeal,AH0.P.IY1.L
anthology,AE2.N.TH.AA1.L.AH0.JH.IY0
forward,F.AO1.R.W.ER0.D
analyze,AE1.N.AH0.L.AY2.Z
anagram,AE1.N.AH0.G.R.AE2.M
asset,AE1.S.EH2.T
alumnus,AH0.L.AH1.M.N.AH0.S
atlantis,AE0.T.L.AE1.N.IH0.S
antecedent,AE2.N.T.EH1.S.AH0.D.AH0.N.T
atop,AH0.T.AA1.P
arborage,AA1.R.B.ER0.AH0.JH
amongst,AH0.M.AH1.NG.S.T
ambulate,AE1.M.B.Y.UW0.L.EH0.T
archaic,AA2.R.K.EY1.IH0.K
announcement,AH0.N.AW1.N.S.M.EH2.N.T
arboretum,AA2.R.B.ER0.IY1.T.AH0.M
atom,AE1.T.AH0.M
attainable,AH0.T.EY1.N.AH0.B.AH0.L
acknown,AE0.K.N.OW1.N
aardvarks,AA1.R.D.V.AA0.R.K.S
eat,IY1.T
otter,AA1.T.ER0
absent,AE1.B.S.AH0.N.T
fay,F.EY1
Archimedes,AA2.R.K.AH0.M.IY1.D.IY0.Z
accost,AH0.K.AO1.S.T
apricot,EY1.P.R.AH0.K.AA2.T
afear,AH0.F.IY1.R
appliance,AH0.P.L.AY1.AH0.N.S
up,AH1.P
alzheimer's,AA1.T.S.Z.HH.AY2.M.ER0.Z
accustomed,AH0.K.AH1.S.T.AH0.M.D
anew,AH0.N.Y.UW1
autonomous,AO2.T.AA1.N.AH0.M.AH0.S
Africa,AE1.F.R.IH0.K.AH0
average,AE1.V.ER0.IH0.JH
affection,AH0.F.EH1.K.SH.AH0.N
appraise,AH0.P.R.EY1.Z
ab,AE1.B
aerial,EH1.R.IY0.AH0.L
aorta,EY2.AO1.R.T.AH0
frederick,F.R.EH1.D.ER0.IH0.K
abstract,AE2.B.S.T.R.AE1.K.T
deer,D.IH1.R
amphitheater,AE1.M.F.AH0.TH.IY2.AH0.T.ER0
an,AE1.N
as,EH1.Z
apoplectic,AE2.P.AH0.P.L.EH1.K.T.IH0.K
at,AE1.T
apropos,AE2.P.R.AH0.P.OW1
ax,AE1.K.S
awhile,AH0.W.AY1.L
archive,AA1.R.K.AY2.V
authority,AH0.TH.AO1.R.AH0.T.IY0
abyss,AH0.B.IH1.S
peach,P.IY1.CH
aromatic,EH2.R.AH0.M.AE1.T.IH0.K
application,AE2.P.L.AH0.K.EY1.SH.AH0.N
other,AH1.DH.ER0
astronaut,AE1.S.T.R.AH0.N.AA2.T
acutate,AE1.K.Y.UW0.T.EH0.T
ambitious,AE2.M.B.IH1.SH.AH0.S
aunts,AO1.N.T.S
aunt,AO1.N.T
assassinate,AH0.S.AE1.S.AH0.N.EY2.T
arithmetic,EH2.R.IH0.TH.M.EH1.T.IH0.K
artistic,AA2.R.T.IH1.S.T.IH0.K
cheetah,CH.IY1.T.AH0
authoritarian,AH0.TH.AO2.R.AH0.T.EH1.R.IY0.AH0.N
accidental,AE2.K.S.AH0.D.EH1.N.AH0.L
annex,AE1.N.EH2.K.S
pear,P.EH1.R
astonish,AH0.S.T.AA1.N.IH0.SH
squash,S.K.W.AA1.SH
April,EY1.P.R.AH0.L
flower,F.L.AW1.ER0
afterglow,AE1.F.T.ER0.G.L.OW2
addictive,AH0.D.IH1.K.T.IH0.V
ambidextrous,AE2.M.B.IH0.D.EH1.K.S.T.R.AH0.S
animosity,AE2.N.AH0.M.AA1.S.AH0.T.IY0
astronomy,AH0.S.T.R.AA1.N.AH0.M.IY0
effrontery,IH0.F.R.AH1.N.T.ER0.IY0
artbox,AA1.R.T.B.AA1.K.S
tiger,T.AY1.G.ER0
afford,AH0.F.AO1.R.D
arouse,ER0.AW1.Z
applause,AH0.P.L.AO1.Z
algorithm,AE1.L.G.ER0.IH2.DH.AH0.M
assume,AH0.S.UW1.M
atheist,EY1.TH.IY0.AH0.S.T
age,EY1.JH
apathy,AE1.P.AH0.TH.IY0
appalling,AH0.P.AO1.L.IH0.NG
gorilla,G.ER0.IH1.L.AH0
adam,AE1.D.AH0.M
apparel,AH0.P.EH1.R.AH0.L
fresh,F.R.EH1.SH
anguish,AE1.NG.G.W.IH0.SH
buffalo,B.AH1.F.AH0.L.OW0
Adam's_apple,AE1.D.AH0.M.Z.AE1.P.AH0.L.AE1.P.AH0.L
